-- phpMyAdmin SQL Dump
-- version 4.5.1
-- http://www.phpmyadmin.net
--
-- Host: 127.0.0.1:49836
-- Generation Time: Oct 10, 2016 at 10:18 AM
-- Server version: 5.7.9
-- PHP Version: 5.5.38

SET SQL_MODE = "NO_AUTO_VALUE_ON_ZERO";
SET time_zone = "+00:00";


/*!40101 SET @OLD_CHARACTER_SET_CLIENT=@@CHARACTER_SET_CLIENT */;
/*!40101 SET @OLD_CHARACTER_SET_RESULTS=@@CHARACTER_SET_RESULTS */;
/*!40101 SET @OLD_COLLATION_CONNECTION=@@COLLATION_CONNECTION */;
/*!40101 SET NAMES utf8mb4 */;

--
-- Database: `azuredb`
--

-- --------------------------------------------------------

--
-- Table structure for table `continent`
--

CREATE TABLE `continent` (
  `ContinentID` int(11) NOT NULL,
  `Name` char(100) DEFAULT NULL
) ENGINE=InnoDB DEFAULT CHARSET=latin1;

--
-- Dumping data for table `continent`
--

INSERT INTO `continent` (`ContinentID`, `Name`) VALUES
(1, 'Africa'),
(2, 'Asia'),
(3, 'Europe'),
(4, 'Oceania/Australasia'),
(5, 'Antarctica'),
(6, 'North America'),
(7, 'South America');

-- --------------------------------------------------------

--
-- Table structure for table `country`
--

CREATE TABLE `country` (
  `CountryID` int(11) NOT NULL,
  `Code` char(100) DEFAULT NULL,
  `Name` char(100) DEFAULT NULL,
  `Zipcode` char(15) DEFAULT NULL,
  `OfficialLanguage` char(50) DEFAULT NULL,
  `Currency` char(100) DEFAULT NULL,
  `CurrencySymbol` char(10) DEFAULT NULL,
  `Dialingcode` char(30) DEFAULT NULL,
  `NumberofCapital` int(11) DEFAULT NULL,
  `Wehavepresencehere` tinyint(1) DEFAULT NULL,
  `ContinentID` int(11) DEFAULT NULL
) ENGINE=InnoDB DEFAULT CHARSET=latin1;

--
-- Dumping data for table `country`
--

INSERT INTO `country` (`CountryID`, `Code`, `Name`, `Zipcode`, `OfficialLanguage`, `Currency`, `CurrencySymbol`, `Dialingcode`, `NumberofCapital`, `Wehavepresencehere`, `ContinentID`) VALUES
(1, 'DZ', 'Algeria', NULL, 'Arabic', 'Algerian dinar', 'DZD', '+213', 1, 0, 1),
(2, 'AO', 'Angola', NULL, 'Portuguese', 'Angolan kwanza', 'AOA', '+244', 1, 0, 1),
(3, 'BJ', 'Benin', NULL, 'French', 'West African CFA franc', 'XOF', '+229', 1, 0, 1),
(4, 'BW', 'Botswana', NULL, '', 'Botswana Pula', 'BWP', '+267', 1, 0, 1),
(5, 'BF', 'Burkina Faso', NULL, 'French', 'West African CFA franc', 'CFA', '+226', 1, 0, 1),
(6, 'BI', 'Burundi', NULL, 'French, Kirundi', 'Burundian franc', 'BWP', '+257', 1, 0, 1),
(7, 'CM', 'Cameroon', NULL, 'French', 'Central African CFA Franc', 'XAF', '+237', 1, 0, 1),
(8, 'CV', 'Cape Verde', NULL, ' Portuguese', ' Cape Verdean escudo', 'CVE', '+238', 1, 0, 1),
(9, 'CF', 'Central African Republic', NULL, '', 'CFA Franc BEAC', 'XAF', '+236', 1, 0, 1),
(10, 'TD', 'Chad', NULL, 'French', 'Central African CFA franc', '', '+235', 1, 0, 1),
(11, 'KM', 'Comoros', NULL, 'French', 'Comorian franc', 'KMF', '+269', 1, 0, 1),
(12, 'CG', 'Congo - Brazzaville', NULL, 'French', 'Central African CFA franc', '', '+242', 1, 0, 1),
(13, 'CD', 'Democratic Republic of the Congo', NULL, 'French', 'Congolese franc', 'CDF', '+243', 1, 0, 1),
(14, 'CI', 'Cote d Ivoire', NULL, 'French', 'West African CFA franc', 'XOF', '+225', 1, 0, 1),
(15, 'DJ', 'Djibouti', NULL, 'French, Arabic', 'Djiboutian franc', 'DJF', '+253', 1, 0, 1),
(16, 'EG', 'Egypt', NULL, 'Modern Standard Arabic', 'Egyptian pound', 'EGP', '+20', 1, 0, 1),
(17, 'GQ', 'Equatorial Guinea', NULL, 'French', 'Central African CFA franc', 'CFA', '+240', 1, 0, 1),
(18, 'ER', 'Eritrea', NULL, 'English', 'Eritrean nakfa', '', '+291', 1, 0, 1),
(19, 'ET', 'Ethiopia', NULL, 'Amharic', 'Ethiopian birr', '', '+251', 1, 0, 1),
(20, 'GA', 'Gabon', NULL, 'French', 'Central African CFA franc', 'CFA', '+241', 1, 0, 1),
(21, 'GM', 'Gambia', NULL, 'English', 'Gambian dalasi', '', '+220', 1, 0, 1),
(22, 'GH', 'Ghana', NULL, 'English', 'Ghana cedi', '', '+233', 1, 0, 1),
(23, 'G', 'Guinea', NULL, 'French', 'Guinean franc', '', '+224', 1, 0, 1),
(24, 'GW', 'Guinea-Bissau', NULL, 'Portuguese', 'West African CFA franc', 'CFA', '+245', 1, 0, 1),
(25, 'KE', 'Kenya', NULL, 'English', 'Kenyan shilling', '', '+254', 1, 0, 1),
(26, 'LS', 'Lesotho', NULL, 'English', 'Lesotho loti', '', '+266', 1, 0, 1),
(27, 'LR', 'Liberia', NULL, 'English', 'Liberian dollar', '', '+231', 1, 0, 1),
(28, 'LY', 'Libya', NULL, 'Arabic', 'Libyan dinar', '', '+218', 1, 0, 1),
(29, 'MG', 'Madagascar', NULL, 'French', 'Malagasy ariary', '', '+261', 1, 0, 1),
(30, 'MW', 'Malawi', NULL, 'English', 'Malawian kwacha', '', '+265', 1, 0, 1),
(31, 'ML', 'Mali', NULL, 'French', 'West African CFA franc', 'CFA', '+223', 1, 0, 1),
(32, 'MR', 'Mauritania', NULL, 'Arabic', 'Mauritanian ouguiya', '', '+222', 1, 0, 1),
(33, 'MU', 'Mauritius', NULL, 'English', 'Mauritian rupee', '', '+230', 1, 0, 1),
(34, 'YT', 'Mayotte', NULL, 'French', 'Euro', '', '+262', 1, 0, 1),
(35, 'MA', 'Morocco', NULL, 'Arabic', 'Moroccan dirham', '', '+212', 1, 0, 1),
(36, 'MZ', 'Mozambique', NULL, 'Portuguese', 'Mozambican metical', '', '+258', 1, 0, 1),
(37, 'NA', 'Namibia', NULL, 'English', 'Namibian dollar', '', '+264', 1, 0, 1),
(38, 'NE', 'Niger', NULL, 'French', 'West African CFA franc', 'CFA', '+227', 1, 0, 1),
(39, 'NG', 'Nigeria', NULL, 'English', 'Naira', '', '+234', 1, 0, 1),
(40, 'RW', 'Rwanda', NULL, 'French', 'Rwandan franc', '', '+250', 1, 0, 1),
(41, 'RE', 'Reunion', NULL, 'French', 'euro', '€', '+262', 1, 0, 1),
(42, 'SH', 'Saint Helena', NULL, 'English', 'St Helena Pound', '', '+290', 1, 0, 1),
(43, 'S', 'Senegal', NULL, 'French', 'West African CFA franc', '', '+221', 1, 0, 1),
(44, 'SC', 'Seychelles', NULL, 'French', 'Seychellois rupee', '', '+248', 1, 0, 1),
(45, 'SL', 'Sierra Leone', NULL, 'English', 'Sierra Leonean leone', '', '+232', 1, 0, 1),
(46, 'SO', 'Somalia', NULL, 'Arabic', 'Somali shilling', '', '+252', 1, 0, 1),
(47, 'ZA', 'South Africa', NULL, 'English', 'South African rand', '', '+27', 3, 0, 1),
(48, 'SD', 'Sudan', NULL, 'Arabic', 'Sudanese pound', '', '+249', 1, 0, 1),
(49, 'SZ', 'Swaziland', NULL, 'English', 'Swazi lilangeni', '', '+268', 2, 0, 1),
(50, 'ST', 'Sao Tome and Principe', NULL, 'Portuguese', 'Sao Tome and Principe dobra', '', '+239', 1, 0, 1),
(51, 'TZ', 'Tanzania', NULL, 'English', 'Tanzanian shilling', 'TZS', '+255', 1, 0, 1),
(52, 'TG', 'Togo', NULL, 'French', 'CFA Franc BCEAO', 'CFA', '+228', 1, 0, 1),
(53, 'T', 'Tunisia', NULL, 'Arabic', 'Tunisian dinar', 'TND', '+216', 1, 0, 1),
(54, 'UG', 'Uganda', NULL, 'English', 'Ugandan shilling', '', '+256', 1, 0, 1),
(55, 'EH', 'Western Sahara', NULL, 'Arabic', 'Algerian dinar', '', '+212', 1, 0, 1),
(56, 'ZM', 'Zambia', NULL, 'English', 'Zambian kwacha', '', '+260', 1, 0, 1),
(57, 'ZW', 'Zimbabwe', NULL, 'English', 'United States Dollar', '', '+263', 1, 0, 1),
(58, 'AF', 'Afghanista', NULL, 'Pashto', 'Afghan afghani', '', '+93', 1, 0, 2),
(59, 'AM', 'Armenia', NULL, 'Armenia', 'Armenian Dram', '', '+374', 1, 0, 2),
(60, 'AZ', 'Azerbaijan', NULL, 'Azerbaijani', 'Azerbaijani manat', '', '+994', 1, 0, 2),
(61, 'BH', 'Bahrai', NULL, 'Arabic', 'Bahraini dinar', '', '+973', 1, 0, 2),
(62, 'BD', 'Bangladesh', NULL, 'Bengali', 'Bangladeshi taka', '', '+880', 1, 0, 2),
(63, 'BT', 'Bhuta', NULL, 'Dzongkha', 'Bhutanese Ngultrum', '', '+975', 1, 0, 2),
(64, 'B', 'Brunei', NULL, 'Malay', 'Brunei dollar', '', '+673', 1, 0, 2),
(65, 'KH', 'Cambodia', NULL, 'Khmer', 'Cambodian riel', '', '+855', 1, 0, 2),
(66, 'C', 'China', NULL, 'Standard Mandari', 'Renminbi', '', '+86', 1, 0, 2),
(67, 'CY', 'Cyprus', NULL, 'Turkish', 'Euro', '', '+357', 1, 0, 2),
(68, 'GE', 'Georgia', NULL, 'Georgia', 'Georgian lari', '', '+995', 1, 0, 2),
(69, 'HK', 'Hong Kong SAR China', NULL, 'English', 'Hong Kong dollar', '', '+852', 1, 0, 2),
(70, 'I', 'India', NULL, 'Hindi', 'Indian rupee', '', '+91', 1, 0, 2),
(71, 'ID', 'Indonesia', NULL, 'Indonesia', 'Indonesian rupiah', '', '+62', 1, 0, 2),
(72, 'IR', 'Iran', NULL, 'Persia', 'Iranian rial', '', '+98', 1, 0, 2),
(73, 'IQ', 'Iraq', NULL, 'Arabic', 'Iraqi dinar', '', '+964', 1, 0, 2),
(74, 'IL', 'Israel', NULL, 'Hebrew', 'Israeli new shekel', '', '+972', 1, 0, 2),
(75, 'JP', 'Japan', NULL, 'Japanese', 'Japanese ye', '', '+81', 1, 0, 2),
(76, 'JO', 'Jordan', NULL, 'Arabic', 'Jordanian dinar', '', '+962', 1, 0, 2),
(77, 'KZ', 'Kazakhsta', NULL, 'Russia', 'Kazakhstani tenge', '', '+7', 1, 0, 2),
(78, 'KW', 'Kuwait', NULL, 'Modern Standard Arabic', 'Kuwaiti dinar', '', '+965', 1, 0, 2),
(79, 'KG', 'Kyrgyzsta', NULL, 'Russia', 'Kyrgyzstani som', '', '+996', 1, 0, 2),
(80, 'LA', 'Laos', NULL, 'Lao Language', 'Lao kip', '', '+856', 1, 0, 2),
(81, 'LB', 'Lebanon', NULL, 'Arabic', 'Lebanese pound', '', '+961', 1, 0, 2),
(82, 'MO', 'Macau SAR China', NULL, 'Portuguese', 'Macanese pataca', '', '+853', 1, 0, 2),
(83, 'MY', 'Malaysia', NULL, 'Malaysia', 'Malaysian ringgit', '', '+60', 1, 0, 2),
(84, 'MV', 'Maldives', NULL, 'Dhivehi', 'Maldivian rufiyaa', '', '+960', 1, 0, 2),
(85, 'M', 'Mongolia', NULL, 'Mongolia', 'Mongolian tögrög', '', '+976', 1, 0, 2),
(86, 'MM', 'Myanmar Burma', NULL, 'Burmese', 'Burmese kyat', '', '+95', 1, 0, 2),
(87, 'NP', 'Nepal', NULL, 'Nepali', 'Nepalese rupee', '', '+977', 1, 0, 2),
(88, 'NT', 'Neutral Zone', NULL, 'Arabic', '', '', '', 1, 0, 2),
(89, 'KP', 'North Korea', NULL, 'Korea', 'North Korean wo', '', '+850', 1, 0, 2),
(90, 'OM', 'Oman', NULL, 'Omani Arabic', 'Omani rial', '', '+968', 1, 0, 2),
(91, 'PK', 'Pakistan', NULL, 'English', 'Pakistani rupee', '', '+92', 1, 0, 2),
(92, 'PS', 'Palestinian Territory', NULL, '', '', '', '+970', 1, 0, 2),
(93, 'PH', 'Philippines', NULL, 'English', 'Philippine peso', '', '+63', 1, 0, 2),
(94, 'QA', 'Qatar', NULL, 'Arabic', 'Qatari riyal', '', '+974', 1, 0, 2),
(95, 'SA', 'Saudi Arabia', NULL, 'Arabic', 'Saudi riyal', '', '+966', 1, 0, 2),
(96, 'SG', 'Singapore', NULL, 'English', 'Singapore dollar', '', '+65', 1, 0, 2),
(97, 'KR', 'South Korea', NULL, 'Korea', 'South Korean wo', '', '+82', 1, 0, 2),
(98, 'LK', 'Sri Lanka', NULL, 'Sinhala', 'Sri Lankan rupee', '', '+94', 2, 0, 2),
(99, 'SY', 'Syria', NULL, 'Arabic', 'Syrian pound', '', '+963', 1, 0, 2),
(100, 'TW', 'Taiwan', NULL, 'Standard Mandari', 'New Taiwan dollar', '', '+886', 1, 0, 2),
(101, 'TJ', 'Tajikista', NULL, 'Russia', 'Tajikistani somoni', '', '+992', 1, 0, 2),
(102, 'TH', 'Thailand', NULL, 'Thai', 'Thai baht', '', '+66', 1, 0, 2),
(103, 'TL', 'Timor-Leste', NULL, 'Portuguese', 'United States Dollar', '', '+670', 1, 0, 2),
(104, 'TR', 'Turkey', NULL, 'Turkish', '', '', '+90', 1, 0, 2),
(105, 'TM', 'Turkmenista', NULL, 'Turkme', 'Turkmenistan manat', '', '+993', 1, 0, 2),
(106, 'AE', 'United Arab Emirates', NULL, 'Arabic', 'United Arab Emirates dirham', '', '+971', 1, 0, 2),
(107, 'UZ', 'Uzbekista', NULL, 'Uzbek', 'Uzbekistani som', '', '+998', 1, 0, 2),
(108, 'V', 'Vietnam', NULL, 'Vietnamese', 'Vietnamese dong', '', '+84', 1, 0, 2),
(109, 'YE', 'Yemen', NULL, 'Arabic', 'Yemeni rial', '', '+967', 1, 0, 2),
(110, 'AL', 'Albania', NULL, 'Albania', 'Albanian lek', '', '+355', 1, 0, 3),
(111, 'AD', 'Andorra', NULL, 'Catala', 'Euro', '', '+973', 1, 0, 3),
(112, 'AT', 'Austria', NULL, 'Germa', 'Euro', '', '+49', 1, 0, 3),
(113, 'BY', 'Belarus', NULL, 'Russia', 'Belarusian ruble', '', '+375', 1, 0, 3),
(114, 'BE', 'Belgium', NULL, 'French', 'Euro', '', '+32', 2, 0, 3),
(115, 'BA', 'Bosnia and Herzegovina', NULL, 'BosnianBosnia', 'Bosnia and Herzegovina convertible mark', '', '+387', 1, 0, 3),
(116, 'BG', 'Bulgaria', NULL, 'Bulgaria', 'Bulgarian lev', '', '+359', 1, 0, 3),
(117, 'HR', 'Croatia', NULL, 'Croatia', 'Croatian kuna', '', '+385', 1, 0, 3),
(118, 'CY', 'Cyprus', NULL, 'Turkish', 'Euro', '', '+357', 1, 0, 3),
(119, 'CZ', 'Czech Republic', NULL, 'Russia', 'Czech koruna', NULL, '+420', 1, 0, 3),
(120, 'DK', 'Denmark', NULL, 'Danish', 'Danish krone', '', '+45', 1, 0, 3),
(121, 'EE', 'Estonia', NULL, 'Estonia', 'Euro', '', '+372', 1, 0, 3),
(122, 'FO', 'Faroe Islands', NULL, 'Faroese', 'Danish Krone', '', '+298', 1, 0, 3),
(123, 'FI', 'Finland', NULL, 'Finnish', 'Euro', '', '+358', 1, 0, 3),
(124, 'FR', 'France', NULL, 'French', 'Euro', '', '+33', 1, 0, 3),
(125, 'DE', 'Germany', NULL, 'Germa', 'Euro', '', '+49', 1, 0, 3),
(126, 'GI', 'Gibraltar', NULL, 'English', 'Pound sterling', '', '+350', 1, 0, 3),
(127, 'GR', 'Greece', NULL, 'Greek', '', 'Euro', '+30', 1, 0, 3),
(128, 'GG', 'Guernsey', NULL, 'French', 'Guernsey pound', '', '+44', 1, 0, 3),
(129, 'HU', 'Hungary', NULL, 'Hungaria', 'Hungarian forint', '', '+36', 1, 0, 3),
(130, 'IS', 'Iceland', NULL, 'Icelandic', 'Icelandic króna', '', '+354', 1, 0, 3),
(131, 'IE', 'Ireland', NULL, 'English', 'Euro', '', '+353', 1, 0, 3),
(132, 'IM', 'Isle of Man', NULL, 'English', 'Pound sterling', '', '+44', 1, 0, 3),
(133, 'IT', 'Italy', NULL, 'Italia', 'Euro', '', '+39', 1, 0, 3),
(134, 'JE', 'Jersey', NULL, 'French', '', '', '+44', 1, 0, 3),
(135, 'LV', 'Latvia', NULL, 'Latvia', 'Euro', '', '+371', 1, 0, 3),
(136, 'LI', 'Liechtenstei', NULL, 'Germa', 'Swiss franc', '', '+423', 1, 0, 3),
(137, 'LT', 'Lithuania', NULL, 'Lithuania', 'Euro', '', '+370', 1, 0, 3),
(138, 'LU', 'Luxembourg', NULL, 'Germa', 'Euro', '', '+352', 1, 0, 3),
(139, 'MK', 'Macedonia', NULL, 'Macedonia', 'Macedonian denar', '', '+389', 1, 0, 3),
(140, 'MT', 'Malta', NULL, 'English', 'Euro', '', '+356', 1, 0, 3),
(141, 'MD', 'Moldova', NULL, 'Romania', 'Moldovan leu', '', '+373', 1, 0, 3),
(142, 'MC', 'Monaco', NULL, 'French', 'Euro', '', '+377', 1, 0, 3),
(143, 'ME', 'Montenegro', NULL, 'Montenegri', 'Euro', '', '+382', 1, 0, 3),
(144, 'NL', 'Netherlands', NULL, 'Dutch', 'Euro', '', '+31', 1, 0, 3),
(145, 'NO', 'Norway', NULL, 'Norwegia', 'Norwegian krone', '', '+47', 1, 0, 3),
(146, 'PL', 'Poland', NULL, 'Polish', 'Polish zioty', '', '+48', 1, 0, 3),
(147, 'PT', 'Portugal', NULL, 'Portuguese', 'Euro', '', '+351', 1, 0, 3),
(148, 'RO', 'Romania', NULL, 'Romania', 'Romanian leu', '', '+40', 1, 0, 3),
(149, 'RU', 'Russia', NULL, 'Russia', 'Russian ruble', '', '+7', 1, 0, 3),
(150, 'SM', 'San Marino', NULL, 'Italia', 'Euro', '', '+378', 1, 0, 3),
(151, 'RS', 'Serbia', NULL, 'Serbia', 'Serbian dinar', '', '+381', 1, 0, 3),
(152, 'SK', 'Slovakia', NULL, 'Slovak', 'Euro', '', '+421', 1, 0, 3),
(153, 'SI', 'Slovenia', NULL, 'Slovenia', 'Euro', '', '+386', 1, 0, 3),
(154, 'ES', 'Spain', NULL, 'Spanish', 'Euro', '', '+34', 1, 0, 3),
(155, 'SJ', 'Svalbard and Jan Maye', NULL, 'Norwegia', '', '', '+47', 1, 0, 3),
(156, 'SE', 'Sweden', NULL, 'Swedish', 'Swedish krona', '', '+46', 1, 0, 3),
(157, 'CH', 'Switzerland', NULL, 'French', 'Swiss franc', '', '+41', 1, 0, 3),
(158, 'UA', 'Ukraine', NULL, 'Ukrainia', 'Ukrainian hryvnia', '', '+380', 1, 0, 3),
(159, 'GB', 'England', NULL, 'English', 'Pound sterling', '', '+44', 1, 0, 3),
(160, 'GB', 'Northern Ireland', NULL, 'Irish', 'Pound sterling', '', '+44', 1, 0, 3),
(161, 'GB', 'Scotland', NULL, 'English', 'Pound sterling', '', '+44', 1, 0, 3),
(162, 'GB', 'Wales', NULL, 'English', 'Pound sterling', '', '+44', 1, 0, 3),
(163, 'VA', 'Vatican City', NULL, 'Lati', 'Euro', '', '+379', 1, 0, 3),
(164, 'AX', 'Aland Islands', NULL, 'Swedish', 'Euro', '', '+358', 1, 0, 3),
(165, 'IO', 'British Indian Ocean Territory', NULL, 'English', 'British Pound Sterling', '', '+246', 1, 0, 2),
(166, 'CC', 'Cocos Keeling Islands', NULL, 'English', 'Australian dollar', '', '+891', 1, 0, 2),
(167, 'AS', 'American Samoa', NULL, 'English', 'United States Dollar', '', '+1', 1, 0, 4),
(168, 'AU', 'Australia', NULL, 'English', 'Australian dollar', '', '+61', 1, 0, 4),
(169, 'CX', 'Christmas Island', NULL, 'English', 'Australian dollar', '', '+61', 1, 0, 4),
(170, 'CK', 'Cook Islands', NULL, 'English', 'New Zealand dollar', '', '+682', 1, 0, 4),
(171, 'FJ', 'Fiji', NULL, 'English', 'Fijian dollar', '', '+679', 1, 0, 4),
(172, 'GU', 'Guam', NULL, 'English', 'United States Dollar', '', '+1', 1, 0, 4),
(173, 'KI', 'Kiribati', NULL, 'English', 'Australian dollar', '', '+686', 1, 0, 4),
(174, 'MH', 'Marshall Islands', NULL, 'English', 'United States Dollar', '', '+692', 1, 0, 4),
(175, 'FM', 'Federated States of Micronesia', NULL, 'English', 'United States Dollar', '', '+691', 1, 0, 4),
(176, 'NR', 'Nauru', NULL, 'English', 'Australian dollar', '', '+674', 1, 0, 4),
(177, 'NC', 'New Caledonia', NULL, 'French', 'CFP franc', '', '+687', 1, 0, 4),
(178, 'NZ', 'New Zealand', NULL, 'English', 'New Zealand dollar', '', '+64', 1, 0, 4),
(179, 'NZ', 'Niue', NULL, 'English', 'New Zealand dollar', '', '+683', 1, 0, 4),
(180, 'NF', 'Norfolk Island', NULL, 'English', 'Australian dollar', '', '+672', 1, 0, 4),
(181, 'MP', 'Northern Mariana Islands', NULL, 'English', 'United States Dollar', '', '+1', 1, 0, 4),
(182, 'PW', 'Palau', NULL, 'English', 'United States Dollar', '', '+680', 1, 0, 4),
(183, 'PG', 'Papua New Guinea', NULL, 'English', 'Papua New Guinean kina', '', '+675', 1, 0, 4),
(184, 'P', 'Pitcairn Islands', NULL, 'English', 'New Zealand dollar', '', '+872', 1, 0, 4),
(185, 'WS', 'Samoa', NULL, 'English', 'Samoan t?l?', '', '+685', 1, 0, 4),
(186, 'SB', 'Solomon Islands', NULL, '', '', '', '+677', 1, 0, 4),
(187, 'TK', 'Tokelau', NULL, 'Tokelaua', 'New Zealand dollar', '', '+690', 3, 0, 4),
(188, 'TO', 'Tonga', NULL, 'English', 'Tongan pa?anga', '', '+676', 1, 0, 4),
(189, 'TV', 'Tuvalu', NULL, 'English', 'Australian dollar', '', '+688', 1, 0, 4),
(190, 'VU', 'Vanuatu', NULL, 'French', 'Vanuatu vatu', '', '+678', 1, 0, 4),
(191, 'WF', 'Wallis and Futuna', NULL, 'French', 'CFP franc', '', '+681', 1, 0, 4),
(192, 'FP', 'French Polynesia (France)', NULL, 'French', 'CFP franc', '', '+689', 1, 0, 4),
(193, 'BV', 'Bouvet Island', NULL, 'Norwegia', 'US Dollar', '', '+55', 1, 0, 5),
(194, 'TF', 'French Southern Territories', NULL, 'French', '', 'Euro', '+262', 1, 0, 5),
(195, 'HM', 'Heard Island and McDonald Islands', NULL, 'English', 'Australian Dollar', '', '+334', 1, 0, 5),
(196, 'GS', 'South Georgia and the South Sandwich Islands', NULL, 'English', 'Pound sterling', '', '+500', 1, 0, 5),
(197, 'USA', 'United States', NULL, 'English', 'United States Dollar', '', '+1', 1, 0, 6),
(198, 'MX', 'Mexico', NULL, 'Spanish', 'Mexican peso', '', '+52', 1, 0, 6),
(199, 'CA', 'Canada', NULL, 'French', 'Canadian dollar', '', '+1', 1, 0, 6),
(200, 'GT', 'Guatemala', NULL, 'Spanish', 'Guatemalan quetzal', '', '+502', 1, 0, 6),
(201, 'CU', 'Cuba', NULL, 'Spanish', 'Cuban peso', '', '+53', 1, 0, 6),
(202, 'HT', 'Haiti', NULL, 'French', 'Haitian gourde', '', '+509', 1, 0, 6),
(203, 'DO', 'Dominican Republic', NULL, 'Spanish', 'Dominican peso', '', '+1', 1, 0, 6),
(204, 'H', 'Honduras', NULL, 'Spanish', 'Honduran lempira', '', '+504', 1, 0, 6),
(205, 'SV', 'El Salvador', NULL, 'Spanish', 'United States Dollar', '', '+503', 1, 0, 6),
(206, 'NI', 'Nicaragua', NULL, 'Spanish', 'Nicaraguan córdoba', '', '+505', 1, 0, 6),
(207, 'CR', 'Costa Rica', NULL, 'Spanish', 'Costa Rican coló', '', '+506', 1, 0, 6),
(208, 'PR', 'Puerto Rico', NULL, 'English', 'United States Dollar', '', '+1', 1, 0, 6),
(209, 'PA', 'Panama', NULL, 'Spanish', 'United States Dollar', '', '+507', 1, 0, 6),
(210, 'JM', 'Jamaica', NULL, 'Jamaican English', 'Jamaican dollar', '', '+1', 1, 0, 6),
(211, 'TT', 'Trinidad and Tobago', NULL, 'English', 'Trinidad and Tobago dollar', '', '+1', 1, 0, 6),
(212, 'GP', 'Guadeloupe (France)', NULL, 'French', 'Euro', '', '+590', 1, 0, 6),
(213, 'MQ', 'Martinique (France)', NULL, 'French', 'Euro', '', '+596', 1, 0, 6),
(214, 'BS', 'Bahamas', NULL, 'English', 'Bahamian dollar', '', '+1', 1, 0, 6),
(215, 'BZ', 'Belize', NULL, 'English', 'Belize dollar', '', '+501', 1, 0, 6),
(216, 'BB', 'Barbados', NULL, 'English', 'Barbadian dollar', '', '+1', 1, 0, 6),
(217, 'LC', 'Saint Lucia', NULL, 'English', 'East Caribbean dollar', '', '+1', 1, 0, 6),
(218, '', 'Curacao (Kingdom of the Netherlands)', NULL, 'Dutch', 'Netherlands Antillean guilder', '', '+599', 1, 0, 6),
(219, '', 'United States Virgin Islands (US)', NULL, 'English', 'United States Dollar', '', '+1', 1, 0, 6),
(220, 'AW', 'Aruba (Kingdom of the Netherlands)', NULL, 'Dutch', 'Aruban flori', '', '+297', 1, 0, 6),
(221, 'GD', 'Grenada', NULL, 'English', 'East Caribbean dollar', '', '+1', 1, 0, 6),
(222, 'VC', 'Saint Vincent and the Grenadines', NULL, 'English', 'East Caribbean dollar', '', '+1', 1, 0, 6),
(223, 'AG', 'Antigua and Barbuda', NULL, 'English', 'East Caribbean dollar', '', '+1', 1, 0, 6),
(224, 'DM', 'Dominica', NULL, 'English', 'East Caribbean dollar', '', '+1', 1, 0, 6),
(225, 'BM', 'Bermuda (UK)', NULL, 'English', 'Bermudian dollar', '', '+1', 1, 0, 6),
(226, 'KY', 'Cayman Islands (UK)', NULL, 'English', 'Cayman Islands dollar', '', '+1', 1, 0, 6),
(227, 'GL', 'Greenland (Denmark)', NULL, 'Danish', 'Danish krone', '', '+299', 1, 0, 6),
(228, 'K', 'Saint Kitts and Nevis', NULL, 'English', 'East Caribbean dollar', '', '+1', 1, 0, 6),
(229, '', 'Saint Martin (France)', NULL, 'Dutch', 'Euro', '', '+1', 1, 0, 6),
(230, 'TC', 'Turks and Caicos Islands (UK)', NULL, 'English', 'United States Dollar', '', '+1', 1, 0, 6),
(231, '', 'British Virgin Islands (UK)', NULL, 'English', 'United States Dollar', '', '+1', 1, 0, 6),
(232, 'AI', 'Anguilla (UK)', NULL, 'English', 'East Caribbean dollar', '', '+1', 1, 0, 6),
(233, '', 'Saint Barthelemy (France)', NULL, 'French', 'Euro', '', '+590', 1, 0, 6),
(234, '', 'Saint Pierre and Miquelon (France)', NULL, 'French', 'Euro', '', '+508', 1, 0, 6),
(235, 'MS', 'Montserrat (UK)', NULL, 'English', 'East Caribbean dollar', '', '+1', 1, 0, 6),
(236, 'BR', 'Brazil', NULL, 'Portuguese', 'Brazilian real', '', '+55', 1, 0, 7),
(237, 'CO', 'Colombia', NULL, 'Spanish', 'Colombian peso', '', '+57', 1, 0, 7),
(238, 'AR', 'Argentina', NULL, 'Spanish', 'Argentine peso', '', '+54', 1, 0, 7),
(239, 'PE', 'Peru', NULL, 'Spanish', 'Peruvian nuevo sol', '', '+51', 1, 0, 7),
(240, 'VE', 'Venezuela', NULL, 'Spanish', 'Venezuelan bolívar', '', '+58', 1, 0, 7),
(241, 'CL', 'Chile', NULL, 'Spanish', 'Chilean peso', '', '+56', 1, 0, 7),
(242, 'EC', 'Ecuador', NULL, 'Spanish', 'United States Dollar', '', '+593', 1, 0, 7),
(243, 'BO', 'Bolivia', NULL, 'Spanish', 'Bolivian boliviano', '', '+591', 1, 0, 7),
(244, 'PY', 'Paraguay', NULL, 'Spanish', 'Paraguayan guaraní', '', '+595', 1, 0, 7),
(245, 'UY', 'Uruguay', NULL, 'Spanish', 'Uruguayan peso', '', '+598', 1, 0, 7),
(246, 'GY', 'Guyana', NULL, 'English', 'Guyanese dollar', '', '+592', 1, 0, 7),
(247, 'SR', 'Suriname', NULL, 'Dutch', 'Surinamese dollar', '', '+597', 1, 0, 7),
(248, 'GF', 'French Guiana', NULL, 'Creole', 'euro', '', '+594', 1, 0, 7),
(249, '', 'Falkland Islands (UK)', NULL, 'English', 'Falkland Islands pound', '', '+500', 1, 0, 7);

-- --------------------------------------------------------

--
-- Table structure for table `state`
--

CREATE TABLE `state` (
  `StateID` int(11) NOT NULL,
  `Name` char(100) DEFAULT NULL,
  `IsCapital` tinyint(1) DEFAULT NULL,
  `CountryID` int(11) DEFAULT NULL
) ENGINE=InnoDB DEFAULT CHARSET=latin1;

--
-- Dumping data for table `state`
--

INSERT INTO `state` (`StateID`, `Name`, `IsCapital`, `CountryID`) VALUES
(1, 'Adrar', 0, 32),
(2, 'Ain Defla', 0, 1),
(3, 'Ain Temouchent', 0, 1),
(4, 'Alger', 0, 1),
(5, 'Annaba', 0, 1),
(6, 'Batna', 0, 1),
(7, 'Bechar', 0, 1),
(8, 'Bejaia', 0, 1),
(9, 'Biskra', 0, 1),
(10, 'Blida', 0, 1),
(11, 'Bordj Bou Arreridj', 0, 1),
(12, 'Bouira', 0, 1),
(13, 'Chlef', 0, 1),
(14, 'Constantine', 0, 1),
(15, 'Djelfa', 0, 1),
(16, 'El Bayadh', 0, 1),
(17, 'El Oued', 0, 1),
(18, 'Ghardaia', 0, 1),
(19, 'Guelma', 0, 1),
(20, 'Illizi', 0, 1),
(21, 'Jijel', 0, 1),
(22, 'Khenchela', 0, 1),
(23, 'Laghouat', 0, 1),
(24, 'M Sila', 0, 1),
(25, 'Mascara', 0, 1),
(26, 'Medea', 0, 1),
(27, 'Mila', 0, 1),
(28, 'Mostaganem', 0, 1),
(29, 'Naama', 0, 1),
(30, 'Oran', 0, 1),
(31, 'Ouargla', 0, 1),
(32, 'Oum el Bouaghi', 0, 1),
(33, 'Relizane', 0, 1),
(34, 'Saida', 0, 1),
(35, 'Setif', 0, 1),
(36, 'Sidi Bel Abbes', 0, 1),
(37, 'Skikda', 0, 1),
(38, 'Souk Ahras', 0, 1),
(39, 'Tamanghasset', 0, 1),
(40, 'Tebessa', 0, 1),
(41, 'Tiaret', 0, 1),
(42, 'Tindouf', 0, 1),
(43, 'Tipaza', 0, 1),
(44, 'Tissemsilt', 0, 1),
(45, 'Tizi', 0, 1),
(46, 'Ouzou', 0, 1),
(47, 'Tlemcen', 0, 1),
(48, 'Algiers', 1, 1),
(49, 'Bengo', 0, 2),
(50, 'Benguela', 0, 2),
(51, 'Bie', 0, 2),
(52, 'Cabinda', 0, 2),
(53, 'Cuando Cubango', 0, 2),
(54, 'Cuanza Norte', 0, 2),
(55, 'Cuanza Sul', 0, 2),
(56, 'Cunene', 0, 2),
(57, 'Huambo', 0, 2),
(58, 'Huila', 0, 237),
(59, 'Luanda', 1, 2),
(60, 'Lunda Norte', 0, 2),
(61, 'Lunda Sul', 0, 2),
(62, 'Malanje', 0, 2),
(63, 'Moxico', 0, 2),
(64, 'Namibe', 0, 2),
(65, 'Uige', 0, 2),
(66, 'Zaire', 0, 2),
(67, 'Alibori', 0, 3),
(68, 'Atacora', 0, 3),
(69, 'Atlantique', 0, 3),
(70, 'Borgou', 0, 3),
(71, 'Collins', 0, 3),
(72, 'Couffo', 0, 3),
(73, 'Donga', 0, 3),
(74, 'Littoral', 0, 7),
(75, 'Mono', 0, 3),
(76, 'Oueme', 0, 3),
(77, 'Plateau', 0, 64),
(78, 'Zou', 0, 3),
(79, 'Porto-Novo', 1, 3),
(80, 'Central', 0, 186),
(81, 'Ghanzi', 0, 4),
(82, 'Kgalagadi', 0, 4),
(83, 'Kgaleng', 0, 4),
(84, 'Kweneng', 0, 4),
(85, 'North-East', 0, 4),
(86, 'North-West', 0, 47),
(87, 'South-East', 0, 4),
(88, 'Southern', 0, 140),
(89, 'Boucle du Mouhoun', 0, 5),
(90, 'Cascades', 0, 5),
(91, 'Centre', 0, 202),
(92, 'Centre East', 0, 5),
(93, 'Centre Nord', 0, 5),
(94, 'Centre Ouest', 0, 5),
(95, 'Centre Sud', 0, 5),
(96, 'Est', 0, 7),
(97, 'Hauts Bassins', 0, 5),
(98, 'Nord', 0, 177),
(99, 'Plateau Central', 0, 5),
(100, 'Sahel', 0, 5),
(101, 'Sud-Ouest', 0, 7),
(102, 'Ouagadougou', 0, 5),
(103, 'Bubanza', 0, 6),
(104, 'Bujumbura Mairie', 0, 6),
(105, 'Bujumbura Rural', 0, 6),
(106, 'Bururi', 0, 6),
(107, 'Cankuzo', 0, 6),
(108, 'Cibitoke', 0, 6),
(109, 'Gitega', 0, 6),
(110, 'Karuzi', 0, 6),
(111, 'Kayanza', 0, 6),
(112, 'Kirundo', 0, 6),
(113, 'Makamba', 0, 6),
(114, 'Muramvya', 0, 6),
(115, 'Muyinga', 0, 6),
(116, 'Mwaro', 0, 6),
(117, 'Ngozi', 0, 6),
(118, 'Rutana', 0, 6),
(119, 'Ruyigi', 0, 6),
(120, 'Adamaoua', 0, 7),
(121, 'Extreme-Nord', 0, 7),
(122, 'Nord-Ouest', 0, 202),
(123, 'Ouest', 0, 202),
(124, 'Sud', 0, 202),
(125, 'Yaounde', 0, 7),
(126, 'Boa Vista', 0, 8),
(127, 'Brava', 0, 8),
(128, 'Maio', 0, 8),
(129, 'Mosteiros', 0, 8),
(130, 'Paul', 0, 8),
(131, 'Porto Novo', 0, 8),
(132, 'Praia', 1, 8),
(133, 'Ribeira Grande', 0, 8),
(134, 'Sal', 0, 8),
(135, 'Santa Catarina', 0, 236),
(136, 'Santa Cruz', 0, 243),
(137, 'Sao Domingos', 0, 8),
(138, 'Sao Filipe', 0, 8),
(139, 'Sao Miguel', 0, 8),
(140, 'Sao Vicente', 0, 8),
(141, 'Tarrafal', 0, 8),
(142, 'Tarrafal de Sao Nicolau', 0, 8),
(143, 'Bangui', 1, 9),
(144, 'Mambere-Kadei', 0, 9),
(145, 'Ouaka', 0, 9),
(146, 'Ombella-Mpoko', 0, 9),
(147, 'Lobaye', 0, 9),
(148, 'Ouham-Pende', 0, 9),
(149, 'Nana-Mambere', 0, 9),
(150, 'Mbomou', 0, 9),
(151, 'Ouham', 0, 9),
(152, 'Sangha-Mbaere', 0, 9),
(153, 'Kemo', 0, 9),
(154, 'Haute-Kotto', 0, 9),
(155, 'Nana-Grebizi', 0, 9),
(156, 'Basse-Kotto', 0, 9),
(157, 'Haut-Mbomou', 0, 9),
(158, 'Bamingui-Bangoran', 0, 9),
(159, 'Cuvette-Ouest', 0, 9),
(160, 'Batha', 0, 10),
(161, 'Borkou-Ennedi-Tibesti', 0, 10),
(162, 'Chari-Baguirmi', 0, 10),
(163, 'Guera', 0, 10),
(164, 'Hadjer-Lamis', 0, 10),
(165, 'Kanem', 0, 10),
(166, 'Lac', 0, 10),
(167, 'Logone Occidental', 0, 10),
(168, 'Logone Oriental', 0, 10),
(169, 'Mandoul', 0, 10),
(170, 'Mayo-Kebbi Est', 0, 10),
(171, 'Mayo-Kebbi Ouest', 0, 10),
(172, 'Moyen-Chari', 0, 10),
(173, 'Ouaddai', 0, 10),
(174, 'Salamat', 0, 10),
(175, 'Tandjile', 0, 10),
(176, 'Djamena', 1, 10),
(177, 'Wadi Fira', 0, 10),
(178, 'Anjouan', 0, 11),
(179, 'Grende Comore', 0, 11),
(180, 'Moheli', 0, 11),
(181, 'Moroni', 1, 11),
(182, 'Bandundu', 0, 13),
(183, 'Bas-Congo', 0, 13),
(184, 'Equateur', 0, 13),
(185, 'Kasai-Occidental', 0, 13),
(186, 'Kasai-Oriental', 0, 13),
(187, 'Katanga', 0, 13),
(188, 'Maniema', 0, 13),
(189, 'Nord-Kivu', 0, 13),
(190, 'Sud-Kivu', 0, 13),
(191, 'Kinshasa', 1, 13),
(192, 'Angeby', 0, 14),
(193, 'Bafing', 0, 14),
(194, 'Bas-Sassandra', 0, 14),
(195, 'Denguele', 0, 14),
(196, 'Dis-Huit Montagnes', 0, 14),
(197, 'Fromager', 0, 14),
(198, 'Haut-Sassandra', 0, 14),
(199, 'Lacs', 0, 14),
(200, 'Lagunes', 0, 14),
(201, 'Marahoue', 0, 14),
(202, 'Moyen-Cavally', 0, 14),
(203, 'Moyen-Comoe', 0, 14),
(204, 'zi-Comoe', 0, 14),
(205, 'Savanes', 0, 52),
(206, 'Sud-Bandama', 0, 14),
(207, 'Sud-Comoe', 0, 14),
(208, 'Valle du Bandama', 0, 14),
(209, 'Worodougou', 0, 14),
(210, 'Zanzan', 0, 14),
(211, 'Yamoussoukro', 1, 14),
(212, 'Ali Sabieh', 0, 15),
(213, 'Dikhil', 0, 15),
(214, 'Djibouti', 1, 15),
(215, 'Obock', 0, 15),
(216, 'Tadjourah', 0, 15),
(217, 'Ad-Daqahiyah', 0, 16),
(218, 'Al-Bahr al-Ahmar', 0, 16),
(219, 'Al-Buhayrah', 0, 16),
(220, 'Al-Fayyum', 0, 16),
(221, 'Al-Gharbiyah', 0, 16),
(222, 'Al-Iskandariyah', 0, 16),
(223, 'Al-Isma iliyah', 0, 16),
(224, 'Al-Jizah', 0, 16),
(225, 'Al-Minufiyah', 0, 16),
(226, 'Al-Minya', 0, 16),
(227, 'Al-Qahirah', 0, 16),
(228, 'Al-Qalyubyah', 0, 16),
(229, 'Al-Uqsur', 0, 16),
(230, 'Al-Wadi al-Jadid', 0, 16),
(231, 'As-Suways', 0, 16),
(232, 'Ash-Sharqiyah', 0, 16),
(233, 'Aswan', 0, 16),
(234, 'Asyut', 0, 16),
(235, 'Bani Suwayf', 0, 16),
(236, 'Bur Said', 0, 16),
(237, 'Dumyat', 0, 16),
(238, 'Janub Sina', 0, 16),
(239, 'Kafr ash-Shaykh', 0, 16),
(240, 'Marsa Matruh', 0, 16),
(241, 'Qina', 0, 16),
(242, 'Shamal Sina', 0, 16),
(243, 'Suhaj', 0, 16),
(244, 'Cairo', 1, 16),
(245, 'Malabo', 1, 17),
(246, 'Annobon', 0, 17),
(247, 'Bioko Norte', 0, 17),
(248, 'Bioko Sur', 0, 17),
(249, 'Centro Sur', 0, 17),
(250, 'Kie-Ntem', 0, 17),
(251, 'Litoral', 0, 17),
(252, 'Wele-Nzas', 0, 17),
(253, 'Asmara', 1, 18),
(254, 'Anseba', 0, 18),
(255, 'Debub', 0, 18),
(256, 'Debubawi Keyih Bahri', 0, 18),
(257, 'Gash Barka', 0, 18),
(258, 'Maekel', 0, 18),
(259, 'Semenawi Keyih Bahri', 0, 18),
(260, 'Addis Ababa', 1, 19),
(261, 'Afar', 0, 19),
(262, 'Amhara', 0, 19),
(263, 'Benshngul-Gumaz', 0, 19),
(264, 'Dire Dawa', 0, 19),
(265, 'Gambela Peoples', 0, 19),
(266, 'Harari Peoples', 0, 19),
(267, 'Oromia', 0, 19),
(268, 'So Nations', 0, 19),
(269, 'Somali', 0, 19),
(270, 'Tigray', 0, 19),
(271, 'Libreville', 1, 20),
(272, 'Estuaire', 0, 20),
(273, 'Haut-Ogooue', 0, 20),
(274, 'Moyen-Ogooue', 0, 20),
(275, 'Ngounie', 0, 20),
(276, 'Nyanga', 0, 20),
(277, 'Ogooue-Ivindo', 0, 20),
(278, 'Ogooue-Lolo', 0, 20),
(279, 'Ogooue-Maritime', 0, 20),
(280, 'Woleu-Ntem', 0, 20),
(281, 'Banjul', 1, 21),
(282, 'Central River', 0, 21),
(283, 'Lower River', 0, 21),
(284, 'North Bank', 0, 21),
(285, 'Upper River', 0, 21),
(286, 'West Coast', 0, 178),
(287, 'Accra', 1, 22),
(288, 'Ashanti', 0, 22),
(289, 'Brong-Ahafo', 0, 22),
(290, 'Eastern', 0, 171),
(291, 'Northern', 0, 183),
(292, 'Upper East', 0, 22),
(293, 'Upper West', 0, 22),
(294, 'Volta', 0, 22),
(295, 'Western', 0, 186),
(296, 'Conakry', 1, 23),
(297, 'Nzerekore', 0, 23),
(298, 'Kindia', 0, 23),
(299, 'Kankan', 0, 23),
(300, 'Kissidougou', 0, 23),
(301, 'Labe', 0, 23),
(302, 'Siguiri', 0, 23),
(303, 'Macenta', 0, 23),
(304, 'Mamou', 0, 23),
(305, 'Telimele', 0, 23),
(306, 'Tougue', 0, 23),
(307, 'Koundara', 0, 23),
(308, 'Boke', 0, 23),
(309, 'Pita', 0, 23),
(310, 'Kouroussa', 0, 23),
(311, 'Beyla', 0, 23),
(312, 'Dabola', 0, 23),
(313, 'Dalaba', 0, 23),
(314, 'Forecariah', 0, 23),
(315, 'Mandiana', 0, 23),
(316, 'Dubreka', 0, 23),
(317, 'Koubia', 0, 23),
(318, 'Faranah', 0, 23),
(319, 'Fria', 0, 23),
(320, 'Gaoual', 0, 23),
(321, 'Kerouane', 0, 23),
(322, 'Dinguiraye', 0, 23),
(323, 'Gueckedou', 0, 23),
(324, 'Mali', 0, 23),
(325, 'Yomou', 0, 23),
(326, 'Boffa', 0, 23),
(327, 'Lola', 0, 23),
(328, 'Coyah', 0, 23),
(329, 'Lelouma', 0, 23),
(330, 'Bissau', 1, 24),
(331, 'Bafata', 0, 24),
(332, 'Biombo', 0, 24),
(333, 'Bolama', 0, 24),
(334, 'Cacheu', 0, 24),
(335, 'Gabu', 0, 24),
(336, 'Oio', 0, 24),
(337, 'Quinara', 0, 24),
(338, 'Tombali', 0, 24),
(339, 'Nairobi', 1, 25),
(340, 'Coast', 0, 25),
(341, 'North Eastern', 0, 25),
(342, 'Nyanza', 0, 25),
(343, 'Rift Valley', 0, 25),
(344, 'Maseru', 1, 26),
(345, 'Berea', 0, 26),
(346, 'Butha-Buthe', 0, 26),
(347, 'Leribe', 0, 26),
(348, 'Maeteng', 0, 26),
(349, 'Mohales Hoek', 0, 26),
(350, 'Mokhotlong', 0, 26),
(351, 'Qachas Nek', 0, 26),
(352, 'Quthing', 0, 26),
(353, 'Thaba-Tseka', 0, 26),
(354, 'Monrovia', 1, 27),
(355, 'Bomi', 0, 27),
(356, 'Bong', 0, 27),
(357, 'Brand Cape Mount', 0, 27),
(358, 'Gbarpulu', 0, 27),
(359, 'Grand Bassa', 0, 27),
(360, 'Grand Gedeh', 0, 27),
(361, 'Grand Kru', 0, 27),
(362, 'Lofa', 0, 27),
(363, 'Margibi', 0, 27),
(364, 'Maryland', 0, 197),
(365, 'Montserrado', 0, 27),
(366, 'Nimba', 0, 27),
(367, 'River GEE', 0, 27),
(368, 'Rivercess', 0, 27),
(369, 'Sinoe', 0, 27),
(370, 'Tripoli', 1, 28),
(371, 'Al Butnan', 0, 28),
(372, 'Al Jabal al Akhdar', 0, 28),
(373, 'Al Jabal al Gharbi', 0, 28),
(374, 'Al Jifarah', 0, 28),
(375, 'Al Jufrah', 0, 28),
(376, 'Al Kufrah', 0, 28),
(377, 'Al Marj', 0, 28),
(378, 'Al Marqab', 0, 28),
(379, 'Al Wahat', 0, 28),
(380, 'An Nuqat al Khams', 0, 28),
(381, 'AZ Zawiyah', 0, 28),
(382, 'Benghazi', 0, 28),
(383, 'Darnah', 0, 28),
(384, 'Ghat', 0, 28),
(385, 'Misratah', 0, 28),
(386, 'Murzuq', 0, 28),
(387, 'Nalut', 0, 28),
(388, 'Sabha', 0, 28),
(389, 'Surt', 0, 28),
(390, 'Wadi al Hayat', 0, 28),
(391, 'Wadi ash Shati', 0, 28),
(392, 'Antananarivo', 1, 29),
(393, 'Antsiranana', 0, 29),
(394, 'Fianarantsoa', 0, 29),
(395, 'Mahajanga', 0, 29),
(396, 'Toamasina', 0, 29),
(397, 'Toliary', 0, 29),
(398, 'Lilongwe', 1, 30),
(399, 'Balaka', 0, 30),
(400, 'Blantyre', 0, 30),
(401, 'Chikwawa', 0, 30),
(402, 'Chiradzulu', 0, 30),
(403, 'Chitipa', 0, 30),
(404, 'Dedza', 0, 30),
(405, 'Dowa', 0, 30),
(406, 'Karonga', 0, 30),
(407, 'Kasungu', 0, 30),
(408, 'Likoma', 0, 30),
(409, 'Lilongwe', 0, 30),
(410, 'Machinga', 0, 30),
(411, 'Mangochi', 0, 30),
(412, 'Mchinji', 0, 30),
(413, 'Mulanje', 0, 30),
(414, 'Mwanza', 0, 51),
(415, 'Mzimba', 0, 30),
(416, 'Neno', 0, 30),
(417, 'Nkhata Bay', 0, 30),
(418, 'Nkhotakota', 0, 30),
(419, 'Nsanje', 0, 30),
(420, 'Ntcheu', 0, 30),
(421, 'Ntchisi', 0, 30),
(422, 'Phalombe', 0, 30),
(423, 'Rumphi', 0, 30),
(424, 'Salima', 0, 30),
(425, 'Thyolo', 0, 30),
(426, 'Zomba', 0, 30),
(427, 'Bamako', 1, 31),
(428, 'Gao', 0, 31),
(429, 'Kayes', 0, 31),
(430, 'Kidal', 0, 31),
(431, 'Koulikoro', 0, 31),
(432, 'Mopti', 0, 31),
(433, 'Segou', 0, 31),
(434, 'Sikasso', 0, 31),
(435, 'Timpuktu', 0, 31),
(436, 'Nouakchott', 1, 32),
(437, 'Assaba', 0, 32),
(438, 'Brakna', 0, 32),
(439, 'Dakhlet Nouadhibou', 0, 32),
(440, 'Gorgol', 0, 32),
(441, 'Guidimaka', 0, 32),
(442, 'Hodh ech Chargui', 0, 32),
(443, 'Hodh el Gharbi', 0, 32),
(444, 'Inchiri', 0, 32),
(445, 'Tagant', 0, 32),
(446, 'Tiris Zemmour', 0, 32),
(447, 'Trarza', 0, 32),
(448, 'Port Louis', 1, 33),
(449, 'Agalega Islands', 0, 33),
(450, 'Black River', 0, 33),
(451, 'Cargado Carajos', 0, 33),
(452, 'Flacq', 0, 33),
(453, 'Grand Port', 0, 33),
(454, 'Moka', 0, 33),
(455, 'Pamplemousses', 0, 33),
(456, 'Plaines Wilhems', 0, 33),
(457, 'Port Louis', 0, 33),
(458, 'Riviere du Rempart', 0, 33),
(459, 'Rodrigues', 0, 33),
(460, 'Savanne', 0, 33),
(461, 'Mamoudzou', 1, 34),
(462, 'Mayotte', 0, 34),
(463, 'Rabat', 1, 35),
(464, 'Chaouia-Ouardigha', 0, 35),
(465, 'Doukkala-Abda', 0, 35),
(466, 'Fes-Boulemane', 0, 35),
(467, 'Gharb-Chrarda-Beni Hsen', 0, 35),
(468, 'Grand Casablanca', 0, 35),
(469, 'Laayoune-Boujdour-Sakia El Hamra', 0, 35),
(470, 'Marrakech-Tensift-El Haouz', 0, 35),
(471, 'Meknes-Tafilalt', 0, 35),
(472, 'Oriental', 0, 35),
(473, 'Oued Ed-Dahab-Lagouira', 0, 35),
(474, 'Rabat-Sale-Zemmour-Zaer', 0, 35),
(475, 'Sous-Massa-Draa', 0, 35),
(476, 'Tadla-Azilal', 0, 35),
(477, 'Tanger-Tetouan', 0, 35),
(478, 'Taza-Al Hoceima-Taounate', 0, 35),
(479, 'Maputo', 1, 36),
(480, 'Cabo Delgado', 0, 36),
(481, 'Gaza', 0, 36),
(482, 'Inhambane', 0, 36),
(483, 'Manica', 0, 36),
(484, 'Nampula', 0, 36),
(485, 'Niassa', 0, 36),
(486, 'Sofala', 0, 36),
(487, 'Tete', 0, 36),
(488, 'Zambezia', 0, 36),
(489, 'Windhoek', 1, 37),
(490, 'Caprivi', 0, 37),
(491, 'Erongo', 0, 37),
(492, 'Hardap', 0, 37),
(493, 'Karas', 0, 37),
(494, 'Khomas', 0, 37),
(495, 'Kunene', 0, 37),
(496, 'Ohangwena', 0, 37),
(497, 'Okavango', 0, 37),
(498, 'Omaheke', 0, 37),
(499, 'Oshana', 0, 37),
(500, 'Oshikoto', 0, 37),
(501, 'Otjozondjupa', 0, 37),
(502, 'Niamey', 1, 38),
(503, 'Agadez', 0, 38),
(504, 'Diffa', 0, 38),
(505, 'Dosso', 0, 38),
(506, 'Maradi', 0, 38),
(507, 'Tahoua', 0, 38),
(508, 'Tillaberi', 0, 38),
(509, 'Zinder', 0, 38),
(510, 'Abuja', 1, 39),
(511, 'Anambra', 0, 39),
(512, 'Enugu', 0, 39),
(513, 'Akwa Ibom', 0, 39),
(514, 'Adamawa', 0, 39),
(515, 'Abia', 0, 39),
(516, 'Bauchi', 0, 39),
(517, 'Bayelsa', 0, 39),
(518, 'Benue', 0, 39),
(519, 'Borno', 0, 39),
(520, 'Cross River', 0, 39),
(521, 'Delta', 0, 39),
(522, 'Ebonyi', 0, 39),
(523, 'Edo', 0, 39),
(524, 'Ekiti', 0, 39),
(525, 'Gombe', 0, 39),
(526, 'Imo', 0, 39),
(527, 'Jigawa', 0, 39),
(528, 'Kaduna', 0, 39),
(529, 'Kano', 0, 39),
(530, 'Katsina', 0, 39),
(531, 'Kebbi', 0, 39),
(532, 'Kogi', 0, 39),
(533, 'Kwara', 0, 39),
(534, 'Lagos', 0, 39),
(535, 'Nasarawa', 0, 39),
(536, 'Niger', 0, 39),
(537, 'Ogun', 0, 39),
(538, 'Ondo', 0, 39),
(539, 'Osun', 0, 39),
(540, 'Oyo', 0, 39),
(541, 'Rivers', 0, 39),
(542, 'Sokoto', 0, 39),
(543, 'Taraba', 0, 39),
(544, 'Yobe', 0, 39),
(545, 'Zamfara', 0, 39),
(546, 'Kigali', 1, 40),
(547, 'Kigali City', 0, 40),
(548, 'Saint-Denis', 1, 41),
(549, 'Saint Benoit', 0, 41),
(550, 'Saint Paul', 0, 224),
(551, 'Saint Pierre', 0, 213),
(552, 'Jamestown', 1, 42),
(553, 'Ascension', 0, 42),
(554, 'Saint Helena', 0, 42),
(555, 'Tristan da Cunha', 0, 42),
(556, 'Dakar', 1, 43),
(557, 'Diourbel', 0, 43),
(558, 'Fatick', 0, 43),
(559, 'Kaffrine', 0, 43),
(560, 'Kaolack', 0, 43),
(561, 'Kedougou', 0, 43),
(562, 'Kolda', 0, 43),
(563, 'Louga', 0, 43),
(564, 'Matam', 0, 43),
(565, 'Saint-Louis', 0, 43),
(566, 'Sedhiou', 0, 43),
(567, 'Tambacounda', 0, 43),
(568, 'Thies', 0, 43),
(569, 'Ziguinchor', 0, 43),
(570, 'Victoria', 0, 168),
(571, 'Anse aux Pins', 0, 44),
(572, 'Anse Boileau', 0, 44),
(573, 'Anse Etoile', 0, 44),
(574, 'Anse Royale', 0, 44),
(575, 'Au Cap', 0, 44),
(576, 'Baie Lazare', 0, 44),
(577, 'Baie Sainte Anne', 0, 44),
(578, 'Beau Vallon', 0, 44),
(579, 'Bel Air', 0, 44),
(580, 'Belombre', 0, 44),
(581, 'Cascade', 0, 44),
(582, 'English River', 0, 44),
(583, 'Glascis', 0, 44),
(584, 'Grand Anse (Mahe)', 0, 44),
(585, 'Grand Anse (Praslin)', 0, 44),
(586, 'La Digue and Inner Islands', 0, 44),
(587, 'Les Mamelles', 0, 44),
(588, 'Mont Buxton', 0, 44),
(589, 'Mont Fleuri', 0, 44),
(590, 'Outer Islands', 0, 44),
(591, 'Plaisance', 0, 44),
(592, 'Pointe La Rue', 0, 44),
(593, 'Port Glaud', 0, 44),
(594, 'Roche Caiman', 0, 44),
(595, 'Saint Louis', 0, 44),
(596, 'Takamaka', 0, 44),
(597, 'Freetown', 1, 45),
(598, 'Eastern Province', 0, 45),
(599, 'Northern Province', 0, 45),
(600, 'Southern Province', 0, 45),
(601, 'Western Area', 0, 45),
(602, 'Mogadishu', 1, 46),
(603, 'Awdal', 0, 46),
(604, 'Bakool', 0, 46),
(605, 'Banaadir', 0, 46),
(606, 'Bari', 0, 133),
(607, 'Bay', 0, 46),
(608, 'Galguduud', 0, 46),
(609, 'Gedo', 0, 46),
(610, 'Hiiraan', 0, 46),
(611, 'Jubbada Dhexe', 0, 46),
(612, 'Jubbada Hoose', 0, 46),
(613, 'Mudug', 0, 46),
(614, 'Nugaal', 0, 46),
(615, 'Sanaag', 0, 46),
(616, 'Shabeellaha Dhexe', 0, 46),
(617, 'Shabeellaha Hoose', 0, 46),
(618, 'Sool', 0, 46),
(619, 'Togdheer', 0, 46),
(620, 'Woqooyi Galbeed', 0, 46),
(621, 'Pretoria', 1, 47),
(622, 'Cape Town', 1, 47),
(623, 'Bloemfontein', 1, 47),
(624, 'Eastern Cape', 0, 47),
(625, 'Free State', 0, 47),
(626, 'Gauteng', 0, 47),
(627, 'KwaZulu-Natal', 0, 47),
(628, 'Limpopo', 0, 47),
(629, 'Mpumalanga', 0, 47),
(630, 'Northern Cape', 0, 47),
(631, 'Western Cape', 0, 47),
(632, 'Khartoum', 1, 48),
(633, 'Blue Nile', 0, 48),
(634, 'Gedarif', 0, 48),
(635, 'Gezira', 0, 48),
(636, 'Kassala', 0, 48),
(637, 'Khartoum', 0, 48),
(638, 'North Darfur', 0, 48),
(639, 'North Kordufan', 0, 48),
(640, 'Red Sea', 0, 48),
(641, 'River Nile', 0, 48),
(642, 'Sennar', 0, 48),
(643, 'South Darfur', 0, 48),
(644, 'South Kordufan', 0, 48),
(645, 'West Darfur', 0, 48),
(646, 'White Nile', 0, 48),
(647, 'Lobamba', 1, 49),
(648, 'Mbabane', 1, 49),
(649, 'Hhohho', 0, 49),
(650, 'Lubombo', 0, 49),
(651, 'Manzini', 0, 49),
(652, 'Shiselweni', 0, 49),
(653, 'Sao Tome', 1, 50),
(654, 'Principe', 0, 50),
(655, 'Dodoma', 1, 51),
(656, 'Arusha', 0, 51),
(657, 'Dar es Salaam', 0, 51),
(658, 'Iringa', 0, 51),
(659, 'Kagera', 0, 51),
(660, 'Kigoma', 0, 51),
(661, 'Kilimanjaro', 0, 51),
(662, 'Lindi', 0, 51),
(663, 'Manyara', 0, 51),
(664, 'Mara', 0, 51),
(665, 'Mbeya', 0, 51),
(666, 'Morogoro', 0, 51),
(667, 'Mtwara', 0, 51),
(668, 'Pemba North', 0, 51),
(669, 'Pemba South', 0, 51),
(670, 'Pwani', 0, 51),
(671, 'Rukwa', 0, 51),
(672, 'Ruvuma', 0, 51),
(673, 'Shinyanga', 0, 51),
(674, 'Singida', 0, 51),
(675, 'Tabora', 0, 51),
(676, 'Tanga', 0, 51),
(677, 'Zanzibar North', 0, 51),
(678, 'Zanzibar South and Central', 0, 51),
(679, 'Zanzibar West', 0, 51),
(680, 'Lome', 1, 52),
(681, 'Centrale', 0, 52),
(682, 'Kara', 0, 52),
(683, 'Maritime', 0, 52),
(684, 'Plateaux', 0, 52),
(685, 'Tunis', 1, 53),
(686, 'Ariana', 0, 53),
(687, 'Beja', 0, 147),
(688, 'Ben Arous', 0, 53),
(689, 'Bizerte', 0, 53),
(690, 'Gabes', 0, 53),
(691, 'Gafsa', 0, 53),
(692, 'Jendouba', 0, 53),
(693, 'Kairouan', 0, 53),
(694, 'Kasserine', 0, 53),
(695, 'Kebili', 0, 53),
(696, 'Le Kef', 0, 53),
(697, 'Mahdia', 0, 53),
(698, 'Manouba', 0, 53),
(699, 'Medenine', 0, 53),
(700, 'Monastir', 0, 53),
(701, 'Nabeul', 0, 53),
(702, 'Sfax', 0, 53),
(703, 'Sidi Bou Zid', 0, 53),
(704, 'Siliana', 0, 53),
(705, 'Sousse', 0, 53),
(706, 'Tataouine', 0, 53),
(707, 'Tozeur', 0, 53),
(708, 'Zaghouan', 0, 53),
(709, 'Kampala', 1, 54),
(710, 'Abim', 0, 54),
(711, 'Adjumani', 0, 54),
(712, 'Agago', 0, 54),
(713, 'Albebtong', 0, 54),
(714, 'Amolatar', 0, 54),
(715, 'Amudat', 0, 54),
(716, 'Amuria', 0, 54),
(717, 'Amuru', 0, 54),
(718, 'Apac', 0, 54),
(719, 'Arua', 0, 54),
(720, 'Budaka', 0, 54),
(721, 'Bududa', 0, 54),
(722, 'Bugiri', 0, 54),
(723, 'Buhweju', 0, 54),
(724, 'Buikwe', 0, 54),
(725, 'Bukedea', 0, 54),
(726, 'Bukomansimbi', 0, 54),
(727, 'Bukwo', 0, 54),
(728, 'Bulambuli', 0, 54),
(729, 'Buliisa', 0, 54),
(730, 'Bundibugyo', 0, 54),
(731, 'Bushenyi', 0, 54),
(732, 'Busia', 0, 54),
(733, 'Butaleja', 0, 54),
(734, 'Butambala', 0, 54),
(735, 'Buvuma', 0, 54),
(736, 'Buyende', 0, 54),
(737, 'Dokolo', 0, 54),
(738, 'Gomba', 0, 54),
(739, 'Gulu', 0, 54),
(740, 'Hoima', 0, 54),
(741, 'Ibanada', 0, 54),
(742, 'Iganga', 0, 54),
(743, 'Isingiro', 0, 54),
(744, 'Jinja', 0, 54),
(745, 'Kaabong', 0, 54),
(746, 'Kabale', 0, 54),
(747, 'Kabarole', 0, 54),
(748, 'Kaberamaido', 0, 54),
(749, 'Kalangala', 0, 54),
(750, 'Kaliro', 0, 54),
(751, 'Kalungu', 0, 54),
(752, 'Kamuli', 0, 54),
(753, 'Kamwenge', 0, 54),
(754, 'Kanungu', 0, 54),
(755, 'Kapchorwa', 0, 54),
(756, 'Kasese', 0, 54),
(757, 'Katawi', 0, 54),
(758, 'Kayunga', 0, 54),
(759, 'Kibaale', 0, 54),
(760, 'Kiboga', 0, 54),
(761, 'Kibuku', 0, 54),
(762, 'Kiruhuura', 0, 54),
(763, 'Kiryandongo', 0, 54),
(764, 'Kisoro', 0, 54),
(765, 'Kitgum', 0, 54),
(766, 'Koboko', 0, 54),
(767, 'Kole', 0, 54),
(768, 'Kotido', 0, 54),
(769, 'Kumi', 0, 54),
(770, 'Kween', 0, 54),
(771, 'Kyankwanzi', 0, 54),
(772, 'Kyegegwa', 0, 54),
(773, 'Kyenjojo', 0, 54),
(774, 'Lamwo', 0, 54),
(775, 'Lira', 0, 54),
(776, 'Luuka', 0, 54),
(777, 'Lwengo', 0, 54),
(778, 'Lyantonde', 0, 54),
(779, 'Manafwa', 0, 54),
(780, 'Masaka', 0, 54),
(781, 'Masindi', 0, 54),
(782, 'Mayuge', 0, 54),
(783, 'Mbale', 0, 54),
(784, 'Mbarara', 0, 54),
(785, 'Mitoma', 0, 54),
(786, 'Mityana', 0, 54),
(787, 'Moroto', 0, 54),
(788, 'Moyo', 0, 54),
(789, 'Mpigi', 0, 54),
(790, 'Mubende', 0, 54),
(791, 'Mukono', 0, 54),
(792, 'Nakapiripirit', 0, 54),
(793, 'Nakaseke', 0, 54),
(794, 'Nakasongola', 0, 54),
(795, 'Namayingo', 0, 54),
(796, 'Namutumba', 0, 54),
(797, 'Napak', 0, 54),
(798, 'Nebbi', 0, 54),
(799, 'Ngora', 0, 54),
(800, 'Ntoroko', 0, 54),
(801, 'Ntungamo', 0, 54),
(802, 'Nwoya', 0, 54),
(803, 'Nyadro', 0, 54),
(804, 'Otuke', 0, 54),
(805, 'Oyam', 0, 54),
(806, 'Pader', 0, 54),
(807, 'Pallisa', 0, 54),
(808, 'Rubirizi', 0, 54),
(809, 'Rukungiri', 0, 54),
(810, 'Sembabule', 0, 54),
(811, 'Serere', 0, 54),
(812, 'Sheema', 0, 54),
(813, 'Sironko', 0, 54),
(814, 'Soroti', 0, 54),
(815, 'Tororo', 0, 54),
(816, 'Wakiso', 0, 54),
(817, 'Yumbe', 0, 54),
(818, 'Zombo', 0, 54),
(819, 'El Aaiun', 1, 55),
(820, 'Boujdour', 0, 55),
(821, 'Bued el Dahab', 0, 55),
(822, 'EsSemara', 0, 55),
(823, 'Laayoune', 0, 55),
(824, 'Lusaka', 1, 56),
(825, 'Copperbelt', 0, 56),
(826, 'Luapula', 0, 56),
(827, 'Lusaka', 0, 56),
(828, 'North-Western', 0, 56),
(829, 'Harare', 1, 57),
(830, 'Bulawayo', 0, 57),
(831, 'Manicaland', 0, 57),
(832, 'Mashonaland Central', 0, 57),
(833, 'Mashonaland East', 0, 57),
(834, 'Mashonaland West', 0, 57),
(835, 'Masvingo', 0, 57),
(836, 'Matabeleland North', 0, 57),
(837, 'Matabeleland South', 0, 57),
(838, 'Midlands', 0, 57),
(839, 'Kabul', 1, 58),
(840, 'Badakhshan', 0, 58),
(841, 'Badghis', 0, 58),
(842, 'Baghlan', 0, 58),
(843, 'Balkh', 0, 58),
(844, 'Bamyan', 0, 58),
(845, 'Day Kundi', 0, 58),
(846, 'Farah', 0, 58),
(847, 'Faryab', 0, 58),
(848, 'Ghazni', 0, 58),
(849, 'Ghor', 0, 58),
(850, 'Hilmand', 0, 58),
(851, 'Hirat', 0, 58),
(852, 'Jawzjan', 0, 58),
(853, 'Kabul', 0, 58),
(854, 'Kandahar', 0, 58),
(855, 'Kapisa', 0, 58),
(856, 'Khost', 0, 58),
(857, 'Kunar', 0, 58),
(858, 'Kunduz', 0, 58),
(859, 'Laghman', 0, 58),
(860, 'Logar', 0, 58),
(861, 'Nangarhar', 0, 58),
(862, 'Nimroz', 0, 58),
(863, 'Nuristan', 0, 58),
(864, 'Paktika', 0, 58),
(865, 'Paktya', 0, 58),
(866, 'Parwan', 0, 58),
(867, 'Samangan', 0, 58),
(868, 'Sari Pul', 0, 58),
(869, 'Takhar', 0, 58),
(870, 'Uruzgan', 0, 58),
(871, 'Wardak', 0, 58),
(872, 'Zabul', 0, 58),
(873, 'Yerevan', 1, 59),
(874, 'Aragatsotni', 0, 59),
(875, 'Ararati', 0, 59),
(876, 'Armaviri', 0, 59),
(877, 'Erevan', 0, 59),
(878, 'Geghark uniki', 0, 59),
(879, 'Kotayki', 0, 59),
(880, 'Lorri', 0, 59),
(881, 'Shiraki', 0, 59),
(882, 'Syuniki', 0, 59),
(883, 'Tavushi', 0, 59),
(884, 'Vayots Dzori', 0, 59),
(885, 'Baku', 1, 60),
(886, 'Absheron', 0, 60),
(887, 'Aghdam', 0, 60),
(888, 'Aghdash', 0, 60),
(889, 'Aghjabedi', 0, 60),
(890, 'Aghstafa', 0, 60),
(891, 'Aghsu', 0, 60),
(892, 'Astara', 0, 60),
(893, 'Babek', 0, 60),
(894, 'Balaken', 0, 60),
(895, 'Barda', 0, 60),
(896, 'Beilagan', 0, 60),
(897, 'Bilasuvar', 0, 60),
(898, 'Dashkesan', 0, 60),
(899, 'Fizuli', 0, 60),
(900, 'Gabala', 0, 60),
(901, 'Gadabey', 0, 60),
(902, 'Gakh', 0, 60),
(903, 'Ganja', 0, 60),
(904, 'Gazakh', 0, 60),
(905, 'Geranboy', 0, 60),
(906, 'Gobustan', 0, 60),
(907, 'Goychay', 0, 60),
(908, 'Goygol', 0, 60),
(909, 'Guba', 0, 60),
(910, 'Gubadly', 0, 60),
(911, 'Gusar', 0, 60),
(912, 'Hacuqabul', 0, 60),
(913, 'Imishli', 0, 60),
(914, 'Ismailly', 0, 60),
(915, 'Jalilabad', 0, 60),
(916, 'Jebrail', 0, 60),
(917, 'Julfa', 0, 60),
(918, 'Kangarli', 0, 60),
(919, 'Kelbajar', 0, 60),
(920, 'Khachmaz', 0, 60),
(921, 'Khankendy', 0, 60),
(922, 'Khojaly', 0, 60),
(923, 'Khojavend', 0, 60),
(924, 'Khyzy', 0, 60),
(925, 'Kyurdamir', 0, 60),
(926, 'Lachin', 0, 60),
(927, 'Lenkaran', 0, 60),
(928, 'Lerik', 0, 60),
(929, 'Masally', 0, 60),
(930, 'Mingechevir', 0, 60),
(931, 'Naftalan', 0, 60),
(932, 'Nakhchivan', 0, 60),
(933, 'Neftchala', 0, 60),
(934, 'Oghuz', 0, 60),
(935, 'Ordubad', 0, 60),
(936, 'Saatly', 0, 60),
(937, 'Sabirabad', 0, 60),
(938, 'Salyan', 0, 60),
(939, 'Samuh', 0, 60),
(940, 'Sedarak', 0, 60),
(941, 'Shabran', 0, 60),
(942, 'Shamakhy', 0, 60),
(943, 'Shamkir', 0, 60),
(944, 'Sheki', 0, 60),
(945, 'Sherur', 0, 60),
(946, 'Shirvan', 0, 60),
(947, 'Shusha', 0, 60),
(948, 'Siazan', 0, 60),
(949, 'Sumgayit', 0, 60),
(950, 'Teter', 0, 60),
(951, 'Tovuz', 0, 60),
(952, 'Ujar', 0, 60),
(953, 'Yardymly', 0, 60),
(954, 'Yevlakh', 0, 60),
(955, 'Zagatala', 0, 60),
(956, 'Zangilan', 0, 60),
(957, 'Zerdab', 0, 60),
(958, 'Manama', 1, 61),
(959, 'Al Hadd', 0, 61),
(960, 'Al Manamah', 0, 61),
(961, 'Al Mintaqah al Gharbiyah', 0, 61),
(962, 'Al Mintaqah al Wusta', 0, 61),
(963, 'Al Mintaqah ash Shamaliyah', 0, 61),
(964, 'Al Muharraq', 0, 61),
(965, 'Ar Rifa wa al Mintaqah al Janubiya', 0, 61),
(966, 'Jidd Hafs', 0, 61),
(967, 'Madinat Hamad', 0, 61),
(968, 'Madinat Isa', 0, 61),
(969, 'Mintaqat Juzur Hawar', 0, 61),
(970, 'Sitrah', 0, 61),
(971, 'Dhaka', 1, 62),
(972, 'Barisal', 0, 62),
(973, 'Chittagong', 0, 62),
(974, 'Khulna', 0, 62),
(975, 'Rajshahi', 0, 62),
(976, 'Thimphu', 1, 63),
(977, 'Bumthang', 0, 63),
(978, 'Chhukha', 0, 63),
(979, 'Dagana', 0, 63),
(980, 'Gasa', 0, 63),
(981, 'Haa', 0, 63),
(982, 'Lhuentse', 0, 63),
(983, 'Mongar', 0, 63),
(984, 'Paro', 0, 63),
(985, 'Perma Gatshel', 0, 63),
(986, 'Punakha', 0, 63),
(987, 'Samdrup Jongkhar', 0, 63),
(988, 'Samtse', 0, 63),
(989, 'Sarpang', 0, 63),
(990, 'Thimphu', 0, 63),
(991, 'Trashi Gang', 0, 63),
(992, 'Trashi Yangtse', 0, 63),
(993, 'Trongsa', 0, 63),
(994, 'Tsirang', 0, 63),
(995, 'Wangdue Phodrang', 0, 63),
(996, 'Zhemgang', 0, 63),
(997, 'Bandar Seri Begawan', 1, 64),
(998, 'Belait', 0, 64),
(999, 'Brunei and Muara', 0, 64),
(1000, 'Temburong', 0, 64),
(1001, 'Tutong', 0, 64),
(1002, 'Phnom Penh', 1, 65),
(1003, 'Banteay Meanchey', 0, 65),
(1004, 'Battambang', 0, 65),
(1005, 'Kampong Cham', 0, 65),
(1006, 'Kampong Chhnang', 0, 65),
(1007, 'Kampong Speu', 0, 65),
(1008, 'Kampong Thum', 0, 65),
(1009, 'Kampot', 0, 65),
(1010, 'Kandal', 0, 65),
(1011, 'Kep', 0, 65),
(1012, 'Koh Kong', 0, 65),
(1013, 'Kratie', 0, 65),
(1014, 'Mondolkiri', 0, 65),
(1015, 'Oddar Meanchey', 0, 65),
(1016, 'Pailin Province', 0, 65),
(1017, 'Phnom Penh', 0, 65),
(1018, 'Preah Nihear', 0, 65),
(1019, 'Preah Sihanouk Province', 0, 65),
(1020, 'Prey Veng', 0, 65),
(1021, 'Pursat', 0, 65),
(1022, 'Ratanakiri', 0, 65),
(1023, 'Siem Reap', 0, 65),
(1024, 'Stung Treng', 0, 65),
(1025, 'Svay Rieng', 0, 65),
(1026, 'Takeo', 0, 65),
(1027, 'Beijing', 1, 66),
(1028, 'Anhui', 0, 66),
(1029, 'Chongqing Shi', 0, 66),
(1030, 'Fujian', 0, 66),
(1031, 'Gansu', 0, 66),
(1032, 'Guangdong', 0, 66),
(1033, 'Guangxi Zhuangzu', 0, 66),
(1034, 'Guizhou', 0, 66),
(1035, 'Hainan', 0, 66),
(1036, 'Hebei', 0, 66),
(1037, 'Heilongjiang', 0, 66),
(1038, 'Henan', 0, 66),
(1039, 'Hubei', 0, 66),
(1040, 'Hunan', 0, 66),
(1041, 'Inner Mongolia', 0, 66),
(1042, 'Jiangsu', 0, 66),
(1043, 'Jiangxi', 0, 66),
(1044, 'Jilin', 0, 66),
(1045, 'Liaoning', 0, 66),
(1046, 'Ningxia', 0, 66),
(1047, 'Qinghai', 0, 66),
(1048, 'Shaangxi', 0, 66),
(1049, 'Shandong', 0, 66),
(1050, 'Shangxi', 0, 66),
(1051, 'Sichuan', 0, 66),
(1052, 'Tianjin', 0, 66),
(1053, 'Xinjiang Uygur', 0, 66),
(1054, 'Xizang (Tibet)', 0, 66),
(1055, 'Yunnan', 0, 66),
(1056, 'Zhejiang', 0, 66),
(1057, 'Nicosia', 1, 118),
(1058, 'Famagusta', 0, 118),
(1059, 'Kyrenia', 0, 118),
(1060, 'Larnaca', 0, 118),
(1061, 'Limassol', 0, 118),
(1062, 'Paphos', 0, 118),
(1063, 'Tbilisi', 1, 68),
(1064, 'Abkhazia', 0, 68),
(1065, 'Ajaria', 0, 68),
(1066, 'Guria', 0, 68),
(1067, 'Imereti', 0, 68),
(1068, 'Kakheti', 0, 68),
(1069, 'Kvemo Kartli', 0, 68),
(1070, 'Mtskheta-Mhaneti', 0, 68),
(1071, 'Rach-Lochkhumi-Kvemo Svaneti', 0, 68),
(1072, 'Samegrelo-Zemo Svaneti', 0, 68),
(1073, 'Samtskhe-Javakheti', 0, 68),
(1074, 'Shida Kartli', 0, 68),
(1075, '', 1, 69),
(1076, 'Central & Western District', 0, 69),
(1077, 'Eastern District', 0, 69),
(1078, 'Islands District', 0, 69),
(1079, 'Kowloon City District', 0, 69),
(1080, 'Kwai Tsing District', 0, 69),
(1081, 'Kwun Tong District', 0, 69),
(1082, 'North District', 0, 69),
(1083, 'Sai Kung District', 0, 69),
(1084, 'Sha Tin District', 0, 69),
(1085, 'Sham Shui Po District', 0, 69),
(1086, 'Southern District', 0, 69),
(1087, 'Tai Po District', 0, 69),
(1088, 'Tsuen Wan District', 0, 69),
(1089, 'Tuen Mun District', 0, 69),
(1090, 'Wan Chai District', 0, 69),
(1091, 'Wong Tai Sin District', 0, 69),
(1092, 'Yau Tsim Mong District', 0, 69),
(1093, 'Yuen Long District', 0, 69),
(1094, 'New Delhi', 1, 70),
(1095, 'Andhra Pradesh', 0, 70),
(1096, 'Arunachal Pradesh', 0, 70),
(1097, 'Assam', 0, 70),
(1098, 'Bihar', 0, 70),
(1099, 'Chhattisgarh', 0, 70),
(1100, 'Goa', 0, 70),
(1101, 'Gujarat', 0, 70),
(1102, 'Haryana', 0, 70),
(1103, 'Himachal Pradesh', 0, 70),
(1104, 'Jammu and Kashmir', 0, 70),
(1105, 'Jharkhand', 0, 70),
(1106, 'Karnataka', 0, 70),
(1107, 'Kerala', 0, 70),
(1108, 'Madhya Pradesh', 0, 70),
(1109, 'Maharashtra', 0, 70),
(1110, 'Manipur', 0, 70),
(1111, 'Meghalaya', 0, 70),
(1112, 'Mizoram', 0, 70),
(1113, 'Nagaland', 0, 70),
(1114, 'Orissa', 0, 70),
(1115, 'Punjab', 0, 91),
(1116, 'Rajasthan', 0, 70),
(1117, 'Sikkim', 0, 70),
(1118, 'Tamil Nadu', 0, 70),
(1119, 'Tripura', 0, 70),
(1120, 'Uttar Preadesh', 0, 70),
(1121, 'Uttaranchal', 0, 70),
(1122, 'West Bengal', 0, 70),
(1123, 'Aceh', 0, 71),
(1124, 'Bali', 0, 71),
(1125, 'Bangka', 0, 71),
(1126, 'Banten', 0, 71),
(1127, 'Bengkulu', 0, 71),
(1128, 'Central Java', 0, 71),
(1129, 'Central Kalimantan', 0, 71),
(1130, 'Central Sulawesi', 0, 71),
(1131, 'Coat of arms of East Java', 0, 71),
(1132, 'East kalimantan', 0, 71),
(1133, 'East Nusa Tenggara', 0, 71),
(1134, 'Lambang propinsi', 0, 71),
(1135, 'Jakarta', 1, 71),
(1136, 'Jambi', 0, 71),
(1137, 'Lampung', 0, 71),
(1138, 'Maluku', 0, 71),
(1139, 'North Maluku', 0, 71),
(1140, 'North Sulawesi', 0, 71),
(1141, 'North Sumatra', 0, 71),
(1142, 'Papua', 0, 71),
(1143, 'Riau', 0, 71),
(1144, 'Lambang Riau', 0, 71),
(1145, 'Southeast Sulawesi', 0, 71),
(1146, 'South Kalimantan', 0, 71),
(1147, 'South Sulawesi', 0, 71),
(1148, 'South Sumatra', 0, 71),
(1149, 'West Java', 0, 71),
(1150, 'West Kalimantan', 0, 71),
(1151, 'West Nusa Tenggara', 0, 71),
(1152, 'Lambang Provinsi Papua Barat', 0, 71),
(1153, 'West Sulawesi', 0, 71),
(1154, 'West Sumatra', 0, 71),
(1155, 'Yogyakarta', 0, 71),
(1156, 'Tehran', 1, 72),
(1157, 'Ardebil', 0, 72),
(1158, 'Chahar Malall and Bakhtiari', 0, 72),
(1159, 'East Azarbaijan', 0, 72),
(1160, 'Esfahan', 0, 72),
(1161, 'Fars', 0, 72),
(1162, 'Hamadan', 0, 72),
(1163, 'Hormozgan', 0, 72),
(1164, 'Ilam', 0, 72),
(1165, 'Kerman', 0, 72),
(1166, 'Kermanshah', 0, 72),
(1167, 'Khuzestan', 0, 72),
(1168, 'Kohgiluyehand Buyer Ahmad', 0, 72),
(1169, 'Kordestan', 0, 72),
(1170, 'Lorestan', 0, 72),
(1171, 'Markazi', 0, 72),
(1172, 'Razavi Khorasan', 0, 72),
(1173, 'Semnan', 0, 72),
(1174, 'Sistanand Baluchestan', 0, 72),
(1175, 'West Azarbaijan', 0, 72),
(1176, 'Zanjan', 0, 72),
(1177, 'Baghdad', 1, 73),
(1178, 'Anbar', 0, 73),
(1179, 'Arbil', 0, 73),
(1180, 'Babil', 0, 73),
(1181, 'Basrah', 0, 73),
(1182, 'Dahuk', 0, 73),
(1183, 'Dhi Qar', 0, 73),
(1184, 'Diyala', 0, 73),
(1185, 'Karbala', 0, 73),
(1186, 'Maysan', 0, 73),
(1187, 'Muthanna', 0, 73),
(1188, 'Najaf', 0, 73),
(1189, 'Ninawa', 0, 73),
(1190, 'Qadisiyah', 0, 73),
(1191, 'Salah ad Din', 0, 73),
(1192, 'Sulaymaniyah', 0, 73),
(1193, 'Tamim', 0, 73),
(1194, 'Wasit', 0, 73),
(1195, 'Jerusalem', 1, 74),
(1196, 'HaDarom', 0, 74),
(1197, 'Haifa', 0, 74),
(1198, 'HaMerkaz', 0, 74),
(1199, 'HaZafon', 0, 74),
(1200, 'Tel Aviv', 0, 74),
(1201, 'Aichi', 0, 75),
(1202, 'Akita', 0, 75),
(1203, 'Aomori', 0, 75),
(1204, 'Chiba', 0, 75),
(1205, 'Ehime', 0, 75),
(1206, 'Fukui', 0, 75),
(1207, 'Fukuoka', 0, 75),
(1208, 'Fukushima', 0, 75),
(1209, 'Gifu', 0, 75),
(1210, 'Gunma', 0, 75),
(1211, 'Hiroshima', 0, 75),
(1212, 'Hokkaido', 0, 75),
(1213, 'Hyogo', 0, 75),
(1214, 'Ibaraki', 0, 75),
(1215, 'Ishikawa', 0, 75),
(1216, 'Iwate', 0, 75),
(1217, 'Kagawa', 0, 75),
(1218, 'Kagoshima', 0, 75),
(1219, 'Kanagawa', 0, 75),
(1220, 'Kochi', 0, 75),
(1221, 'Kumamoto', 0, 75),
(1222, 'Kyoto', 0, 75),
(1223, 'Mie', 0, 75),
(1224, 'Miyagi', 0, 75),
(1225, 'Miyazaki', 0, 75),
(1226, 'Nagano', 0, 75),
(1227, 'Nagasaki', 0, 75),
(1228, 'Nara', 0, 75),
(1229, 'Niigata', 0, 75),
(1230, 'Oita', 0, 75),
(1231, 'Okayama', 0, 75),
(1232, 'Okinawa', 0, 75),
(1233, 'Osaka', 0, 75),
(1234, 'Saga', 0, 75),
(1235, 'Saitama', 0, 75),
(1236, 'Shiga', 0, 75),
(1237, 'Shimane', 0, 75),
(1238, 'Shizuoka', 0, 75),
(1239, 'Tochigi', 0, 75),
(1240, 'Tokushima', 0, 75),
(1241, 'Tokyo', 1, 75),
(1242, 'Tottori', 0, 75),
(1243, 'Toyama', 0, 75),
(1244, 'Wakayama', 0, 75),
(1245, 'Yamagata', 0, 75),
(1246, 'Yamaguchi', 0, 75),
(1247, 'Yamanashi', 0, 75),
(1248, 'Amman', 1, 76),
(1249, 'Ajlun', 0, 76),
(1250, 'Aqaba', 0, 76),
(1251, 'Balqa', 0, 76),
(1252, 'Irbid', 0, 76),
(1253, 'Jarash', 0, 76),
(1254, 'Karak', 0, 76),
(1255, 'Ma a', 0, 76),
(1256, 'Madaba', 0, 76),
(1257, 'Mafraq', 0, 76),
(1258, 'Tafilah', 0, 76),
(1259, 'Zarqa', 0, 76),
(1260, 'Astana', 1, 77),
(1261, 'Almaty Province', 0, 77),
(1262, 'Aqmola', 0, 77),
(1263, 'Aqtobe', 0, 77),
(1264, 'Atyrau', 0, 77),
(1265, 'East Kazakhstan', 0, 77),
(1266, 'Magghystau', 0, 77),
(1267, 'North Kazakhstan', 0, 77),
(1268, 'Pavlodar', 0, 77),
(1269, 'Qaraghandy', 0, 77),
(1270, 'Qostanay', 0, 77),
(1271, 'Qysylorda', 0, 77),
(1272, 'South Kazakhstan', 0, 77),
(1273, 'West Kazakhstan', 0, 77),
(1274, 'Zhambyl', 0, 77),
(1275, 'Kuwait City', 1, 78),
(1276, 'Al-Ahmadi', 0, 78),
(1277, 'Al-Farwaniyah', 0, 78),
(1278, 'Al-Jahrah', 0, 78),
(1279, 'Al-Kuwayt', 0, 78),
(1280, 'Hawalli', 0, 78),
(1281, 'Mubarak Al-Kabir', 0, 78),
(1282, 'Bishkek', 1, 79),
(1283, 'Batken', 0, 79),
(1284, 'Chuy', 0, 79),
(1285, 'Jalal-Abad', 0, 79),
(1286, 'Naryn', 0, 79),
(1287, 'Osh', 0, 79),
(1288, 'Talas', 0, 79),
(1289, 'Ysyk-kol', 0, 79),
(1290, 'Vientiane', 1, 80),
(1291, 'Attapu', 0, 80),
(1292, 'Bokeo', 0, 80),
(1293, 'Bolikhamxai', 0, 80),
(1294, 'Champasak', 0, 80),
(1295, 'Houaphan', 0, 80),
(1296, 'Khammouan', 0, 80),
(1297, 'Louang Namtha', 0, 80),
(1298, 'Louangphrabang', 0, 80),
(1299, 'Oudomzai', 0, 80),
(1300, 'Phongsali', 0, 80),
(1301, 'Saravan', 0, 80),
(1302, 'Savannakhet', 0, 80),
(1303, 'Vientiane', 0, 80),
(1304, 'Xaingnabouri', 0, 80),
(1305, 'Xekong', 0, 80),
(1306, 'Xiangkhoang', 0, 80),
(1307, 'Beirut', 1, 81),
(1308, 'Aakkar', 0, 81),
(1309, 'An Nabatiyah', 0, 81),
(1310, 'Baalbek-Hermel', 0, 81),
(1311, 'Beirut', 0, 81),
(1312, 'Beqaa', 0, 81),
(1313, 'Mount Lebanon', 0, 81),
(1314, 'North Lebanon', 0, 81),
(1315, 'South Lebanon', 0, 81),
(1316, 'Ilhas', 0, 82),
(1317, 'Macau Peninsula', 0, 82),
(1318, 'Kuala Lumpur', 1, 83),
(1319, 'Johor', 0, 83),
(1320, 'Kedah', 0, 83),
(1321, 'Kelantan', 0, 83),
(1322, 'Melaka', 0, 83),
(1323, 'Negeri Sembilan', 0, 83),
(1324, 'Pahang', 0, 83),
(1325, 'Penang', 0, 83),
(1326, 'Perak', 0, 83),
(1327, 'Perlis', 0, 83),
(1328, 'Sabah', 0, 83),
(1329, 'Sarawak', 0, 83),
(1330, 'Selangor', 0, 83),
(1331, 'Terengganu', 0, 83),
(1332, 'Male', 1, 84),
(1333, 'Capital', 0, 120),
(1334, 'North', 0, 84),
(1335, 'North Central', 0, 84),
(1336, 'South', 0, 84),
(1337, 'South Central', 0, 84),
(1338, 'Upper North', 0, 84),
(1339, 'Upper South', 0, 84),
(1340, 'Ulan Bator', 1, 85),
(1341, 'Arhangay', 0, 85),
(1342, 'Bayan-Olgiy', 0, 85),
(1343, 'Bayanhongor', 0, 85),
(1344, 'Bulgan', 0, 85),
(1345, 'Dornod', 0, 85),
(1346, 'Dornogovi', 0, 85),
(1347, 'Dundgovi', 0, 85),
(1348, 'Dzavhan', 0, 85),
(1349, 'Govi-Altay', 0, 85),
(1350, 'Hentiy', 0, 85),
(1351, 'Hovd', 0, 85),
(1352, 'Hovsgol', 0, 85),
(1353, 'Omnogovi', 0, 85),
(1354, 'Ovorhangay', 0, 85),
(1355, 'Selenge', 0, 85),
(1356, 'Suhbaatar', 0, 85),
(1357, 'Ulaanbaatar', 0, 85),
(1358, 'Uvs', 0, 85),
(1359, 'Naypyidaw', 1, 86),
(1360, 'Ayeyarwady', 0, 86),
(1361, 'Bago', 0, 86),
(1362, 'Chin', 0, 86),
(1363, 'Kachin', 0, 86),
(1364, 'Kayah', 0, 86),
(1365, 'Kayin', 0, 86),
(1366, 'Magway', 0, 86),
(1367, 'Mandalay', 0, 86),
(1368, 'Mon', 0, 86),
(1369, 'Naypyitaw', 0, 86),
(1370, 'Rakhine', 0, 86),
(1371, 'Sagaing', 0, 86),
(1372, 'Shan', 0, 86),
(1373, 'Tanintharyi', 0, 86),
(1374, 'Yangon', 0, 86),
(1375, 'Kathmandu', 1, 87),
(1376, 'Far-Western', 0, 87),
(1377, 'Mid-Western', 0, 87),
(1378, 'Pyongyang', 1, 89),
(1379, 'Chagang-do', 0, 89),
(1380, 'Hamgyong-bukto', 0, 89),
(1381, 'Hamgyong-namdo', 0, 89),
(1382, 'Hwanghae-bukto', 0, 89),
(1383, 'Hwanghae-namdo', 0, 89),
(1384, 'Kangwon-do', 0, 89),
(1385, 'Najin Sonbong-si', 0, 89),
(1386, 'Pyongan-bukto', 0, 89),
(1387, 'Pyongan-namdo', 0, 89),
(1388, 'Pyongyang-si', 0, 89),
(1389, 'Yanggang-do', 0, 89),
(1390, 'Muscat', 1, 90),
(1391, 'Ad Dakjliyah', 0, 90),
(1392, 'Adh Dhahirah', 0, 90),
(1393, 'Al Batinah North', 0, 90),
(1394, 'Al Batinah South', 0, 90),
(1395, 'Al Buraymi', 0, 90),
(1396, 'Al Wusta', 0, 90),
(1397, 'Ash Sharqiyah North', 0, 90),
(1398, 'Ash Sharqiyah South', 0, 90),
(1399, 'Dhofar', 0, 90),
(1400, 'Musandam', 0, 90),
(1401, 'Muscat', 0, 90),
(1402, 'Islamabad', 1, 91),
(1403, 'Azad Kashmir', 0, 91),
(1404, 'Balochistan', 0, 91),
(1405, 'Federally Administered Tribal Areas', 0, 91),
(1406, 'Gilgit-Baltistan', 0, 91),
(1407, 'Khyber-Pakhtunkhwa', 0, 91),
(1408, 'Sind', 0, 91),
(1409, 'Ramallah', 1, 92),
(1410, 'East Jerusalem', 1, 92),
(1411, 'Gaza Strip', 0, 92),
(1412, 'West Bank', 0, 92),
(1413, 'Manila', 1, 93),
(1414, 'Abra', 0, 93),
(1415, 'Agusan Del Norte', 0, 93),
(1416, 'Agusan del Sur', 0, 93),
(1417, 'Aklan', 0, 93),
(1418, 'Albay', 0, 93),
(1419, 'Antique', 0, 93),
(1420, 'Apayao', 0, 93),
(1421, 'Aurora', 0, 93),
(1422, 'Basilan', 0, 93),
(1423, 'Bataan', 0, 93),
(1424, 'Batanes', 0, 93),
(1425, 'Batangas', 0, 93),
(1426, 'Benguet', 0, 93),
(1427, 'Biliran', 0, 93),
(1428, 'Bohol', 0, 93),
(1429, 'Bukidnon', 0, 93),
(1430, 'Bulacan', 0, 93),
(1431, 'Cagayan', 0, 93),
(1432, 'Camarines Norte', 0, 93),
(1433, 'Camarines Sur', 0, 93),
(1434, 'Camiguin', 0, 93),
(1435, 'Capiz', 0, 93),
(1436, 'Catanduanes', 0, 93),
(1437, 'Cavite', 0, 93),
(1438, 'Cebu', 0, 93),
(1439, 'Compostela Valley', 0, 93),
(1440, 'Cotabato', 0, 93),
(1441, 'Davao del Norte', 0, 93),
(1442, 'Davao del Sur', 0, 93),
(1443, 'Davao Oriental', 0, 93),
(1444, 'Dinagat Islands', 0, 93),
(1445, 'Eastern Samar', 0, 93),
(1446, 'Guimaras', 0, 93),
(1447, 'Ifugao', 0, 93),
(1448, 'Ilocos Norte', 0, 93),
(1449, 'Ilocos Sur', 0, 93),
(1450, 'Iloilo', 0, 93),
(1451, 'Isabela', 0, 93),
(1452, 'Kalinga', 0, 93),
(1453, 'La Union', 0, 205),
(1454, 'Laguna', 0, 93),
(1455, 'Lanao del Norte', 0, 93),
(1456, 'Lanao del Sur', 0, 93),
(1457, 'Leyte', 0, 93),
(1458, 'Maguindanao', 0, 93),
(1459, 'Marinduque', 0, 93),
(1460, 'Masbate', 0, 93),
(1461, 'Misamis Occidental', 0, 93),
(1462, 'Misamis Oriental', 0, 93),
(1463, 'Mountain', 0, 93),
(1464, 'Negros Occidental', 0, 93),
(1465, 'Negros Oriental', 0, 93),
(1466, 'Northern Samar', 0, 93),
(1467, 'Nueva Ecija', 0, 93),
(1468, 'Nueva Vizcaya', 0, 93),
(1469, 'Occidental Mindoro', 0, 93),
(1470, 'Oriental Mindoro', 0, 93),
(1471, 'Palawan', 0, 93),
(1472, 'Pampanga', 0, 93),
(1473, 'Pangasinan', 0, 93),
(1474, 'Quezon', 0, 93),
(1475, 'Quirino', 0, 93),
(1476, 'Rizal', 0, 93),
(1477, 'Romblon', 0, 93),
(1478, 'Samar', 0, 93),
(1479, 'Sarangani', 0, 93),
(1480, 'Siquijor', 0, 93),
(1481, 'Sorsogon', 0, 93),
(1482, 'South Cotabato', 0, 93),
(1483, 'Southern Leyte', 0, 93),
(1484, 'Sultan Kudarat', 0, 93),
(1485, 'Sulu', 0, 93),
(1486, 'Surigao del Norte', 0, 93),
(1487, 'Surigao del Sur', 0, 93),
(1488, 'Tarlac', 0, 93),
(1489, 'Tawi-Tawi', 0, 93),
(1490, 'Zambales', 0, 93),
(1491, 'Zamboanga del Norte', 0, 93),
(1492, 'Zamboanga del Sur', 0, 93),
(1493, 'Zamboanga-Sibugay', 0, 93),
(1494, 'Doha', 1, 94),
(1495, 'Ad Dawhah', 0, 94),
(1496, 'Al Daayen', 0, 94),
(1497, 'Al Khawr', 0, 94),
(1498, 'Al Wakrah', 0, 94),
(1499, 'Ar Rayyan', 0, 94),
(1500, 'Madinat ach Shamal', 0, 94),
(1501, 'Riyadh', 1, 95),
(1502, 'Al Bahah', 0, 95),
(1503, 'Al Hudud ash Shamaliyah', 0, 95),
(1504, 'Al Madinah', 0, 95),
(1505, 'Al Mintaqah ash Sharqiyah', 0, 95),
(1506, 'Al Qasim', 0, 95),
(1507, 'Al-Jawf', 0, 95),
(1508, 'Ar Riyad', 0, 95),
(1509, 'Asir', 0, 95),
(1510, 'Hail', 0, 95),
(1511, 'Jizan', 0, 95),
(1512, 'Makkah', 0, 95),
(1513, 'Najran', 0, 95),
(1514, 'Tabuk', 0, 95),
(1515, 'Singapore', 1, 96),
(1516, 'North East', 0, 96),
(1517, 'North West', 0, 96),
(1518, 'South East', 0, 96),
(1519, 'South West', 0, 96),
(1520, 'Seoul', 1, 97),
(1521, 'Chungcheongbuk-do', 0, 97),
(1522, 'Chungcheongnam-do', 0, 97),
(1523, 'Gangwon-do', 0, 97),
(1524, 'Gyeonggi-Do', 0, 97),
(1525, 'Gyeongsangbuk-do', 0, 97),
(1526, 'Gyeongsangnam-do', 0, 97),
(1527, 'Jeju-do', 0, 97),
(1528, 'Jeollabuk-do', 0, 97),
(1529, 'Jeollanam-do', 0, 97),
(1530, 'Sri Jayawardenepura Kotte', 1, 98),
(1531, 'Colombo', 1, 98),
(1532, 'Anuradhapura', 0, 98),
(1533, 'Badulla', 0, 98),
(1534, 'Batticaloa', 0, 98),
(1535, 'Galle', 0, 98),
(1536, 'Jaffna', 0, 98),
(1537, 'Kandy', 0, 98),
(1538, 'Kurunegala', 0, 98),
(1539, 'Ratnapura', 0, 98),
(1540, 'Damascus', 1, 99),
(1541, 'Al Dasakah', 0, 99),
(1542, 'Aleppo', 0, 99),
(1543, 'Ar Raqqah', 0, 99),
(1544, 'Dara', 0, 99),
(1545, 'Dayr az Zawr', 0, 99),
(1546, 'Hama', 0, 99),
(1547, 'Hims', 0, 99),
(1548, 'Idlib', 0, 99),
(1549, 'Latakia', 0, 99),
(1550, 'Quneitra', 0, 99),
(1551, 'Rif Dimashq', 0, 99),
(1552, 'Tartus', 0, 99),
(1553, 'Taipei', 1, 100),
(1554, 'Fukien', 0, 100),
(1555, 'Kaohsiung', 0, 100),
(1556, 'Taiwan', 0, 100),
(1557, 'Dushanbe', 1, 101),
(1558, 'Gorniy-Badakhshan', 0, 101),
(1559, 'Khatlon', 0, 101),
(1560, 'Regions of Republican Subordination', 0, 101),
(1561, 'Sogd', 0, 101),
(1562, 'Bangkok', 1, 102),
(1563, 'Amnat Charoen', 0, 102),
(1564, 'Ang Thong', 0, 102),
(1565, 'Bueng Kan', 0, 102),
(1566, 'Chachoengsao', 0, 102),
(1567, 'Chai Nat', 0, 102),
(1568, 'Chaiyaphum', 0, 102),
(1569, 'Chnthaburi', 0, 102),
(1570, 'Kamphaeng Phet', 0, 102),
(1571, 'Lamphun', 0, 102),
(1572, 'Lop Buri', 0, 102),
(1573, 'Maha Sarakham', 0, 102),
(1574, 'Mukdahan', 0, 102),
(1575, 'Nakhon Nayok', 0, 102),
(1576, 'Nong Bua Lam Phu', 0, 102),
(1577, 'Nonthaburi', 0, 102),
(1578, 'Pathum Thani', 0, 102),
(1579, 'Phangnga', 0, 102),
(1580, 'Phatthalung', 0, 102),
(1581, 'Phichit', 0, 102),
(1582, 'Phra Nakhon Si Ayutthaya', 0, 102),
(1583, 'Phrae', 0, 102),
(1584, 'Prachin Buri', 0, 102),
(1585, 'Sa Kaeo', 0, 102),
(1586, 'Samut Sakhon', 0, 102),
(1587, 'Samut Songkhram', 0, 102),
(1588, 'Saraburi', 0, 102),
(1589, 'Satun', 0, 102),
(1590, 'Si Sa Ket', 0, 102),
(1591, 'Sing Buri', 0, 102),
(1592, 'Dili', 1, 103),
(1593, 'Aileu', 0, 103),
(1594, 'Ainaro', 0, 103),
(1595, 'Ambeno', 0, 103),
(1596, 'Baucau', 0, 103),
(1597, 'Bobonaro', 0, 103),
(1598, 'Cova Lima', 0, 103),
(1599, 'Ermera', 0, 103),
(1600, 'Lautem', 0, 103),
(1601, 'Liquica', 0, 103),
(1602, 'Manatuto', 0, 103),
(1603, 'Manufahi', 0, 103),
(1604, 'Viqueque', 0, 103),
(1605, 'Ankara', 1, 104),
(1606, 'Agri', 0, 104),
(1607, 'Giresun', 0, 104),
(1608, 'Istanbul', 0, 104),
(1609, 'Kayseri', 0, 104),
(1610, 'Osmaniye', 0, 104),
(1611, 'Siirt', 0, 104),
(1612, 'Usak', 0, 104),
(1613, 'Ashgabat', 1, 105),
(1614, 'Ahal', 0, 105),
(1615, 'Balkan', 0, 105),
(1616, 'Dasoguz', 0, 105),
(1617, 'Lebap', 0, 105),
(1618, 'Mary', 0, 105),
(1619, 'Abu Dhabi', 1, 106),
(1620, 'Ajman', 0, 106),
(1621, 'Dubay', 0, 106),
(1622, 'Fujayrah', 0, 106),
(1623, 'Ras al Khaymah', 0, 106),
(1624, 'Sharjah', 0, 106),
(1625, 'Umm al Qaywayn', 0, 106),
(1626, 'Tashkent', 1, 107),
(1627, 'Andijon', 0, 107),
(1628, 'Buxoro', 0, 107),
(1629, 'Fargona', 0, 107),
(1630, 'Jizzax', 0, 107),
(1631, 'Karakalpakstan', 0, 107),
(1632, 'Kashkadarya', 0, 107),
(1633, 'Namangan', 0, 107),
(1634, 'Navoi', 0, 107),
(1635, 'Samarkand', 0, 107),
(1636, 'Sirdaryo', 0, 107),
(1637, 'Surxondaryo', 0, 107),
(1638, 'Tashkent City', 0, 107),
(1639, 'Xorazm', 0, 107),
(1640, 'Hanoi', 1, 108),
(1641, 'An Giang', 0, 108),
(1642, 'Ba Ria-Vung', 0, 108),
(1643, 'Bac Can', 0, 108),
(1644, 'Bac Giang', 0, 108),
(1645, 'Bac Lieu', 0, 108),
(1646, 'Bac Ninh', 0, 108),
(1647, 'Ben Tre', 0, 108),
(1648, 'Binh Dinh', 0, 108),
(1649, 'Binh Doung', 0, 108),
(1650, 'Binh Phouc', 0, 108),
(1651, 'Binh Thuan', 0, 108),
(1652, 'Ca Mau', 0, 108),
(1653, 'Can Tho', 0, 108),
(1654, 'Cao Bang', 0, 108),
(1655, 'Da Nang', 0, 108),
(1656, 'Dac Lac', 0, 108),
(1657, 'Dac Nong', 0, 108),
(1658, 'Dien Bien', 0, 108),
(1659, 'Dong Nai', 0, 108),
(1660, 'Dong Thap', 0, 108),
(1661, 'Gia Lai', 0, 108),
(1662, 'Ha Giang', 0, 108),
(1663, 'Ha Nam', 0, 108),
(1664, 'Ha Tinh', 0, 108),
(1665, 'Hai Doung', 0, 108),
(1666, 'Haiphong', 0, 108),
(1667, 'Hau Ginag', 0, 108),
(1668, 'Hoa Binh', 0, 108),
(1669, 'Hung Yen', 0, 108),
(1670, 'Khanh Hoa', 0, 108),
(1671, 'Kien Giang', 0, 108),
(1672, 'Kon Tum', 0, 108),
(1673, 'Lai Chau', 0, 108),
(1674, 'Lam Dong', 0, 108),
(1675, 'Lang Son', 0, 108),
(1676, 'Lao Cai', 0, 108),
(1677, 'Long An', 0, 108),
(1678, 'Nam Dinh', 0, 108),
(1679, 'Nghe An', 0, 108),
(1680, 'Ninh Binh', 0, 108),
(1681, 'Ninh Thuan', 0, 108),
(1682, 'Phu Tho', 0, 108),
(1683, 'Phu Yen', 0, 108),
(1684, 'Quang Binh', 0, 108),
(1685, 'Quang Nam', 0, 108),
(1686, 'Quang Ngai', 0, 108),
(1687, 'Quang Ninh', 0, 108),
(1688, 'Quang Tri', 0, 108),
(1689, 'Soc Trang', 0, 108),
(1690, 'Son La', 0, 108),
(1691, 'Tay Ninh', 0, 108),
(1692, 'Thai Binh', 0, 108),
(1693, 'Thai Nguyen', 0, 108),
(1694, 'Thanh Hoa', 0, 108),
(1695, 'Thua Thien-Hue', 0, 108),
(1696, 'Tien Giang', 0, 108),
(1697, 'Tra Vinh', 0, 108),
(1698, 'Tuyen Quang', 0, 108),
(1699, 'Vinh Long', 0, 108),
(1700, 'Vinh Phuc', 0, 108),
(1701, 'Yen Bai', 0, 108),
(1702, 'Sanaa', 1, 109),
(1703, 'Al Bayda', 0, 109),
(1704, 'Al Hudaydah', 0, 109),
(1705, 'Al Jawf', 0, 109),
(1706, 'Al Mahrah', 0, 109),
(1707, 'Al Mahwit', 0, 109),
(1708, 'Ataq', 0, 109),
(1709, 'Dhamar', 0, 109),
(1710, 'Hadramaut', 0, 109),
(1711, 'Hajjah', 0, 109),
(1712, 'Ibb', 0, 109),
(1713, 'Lahij', 0, 109),
(1714, 'Marib', 0, 109),
(1715, 'Sadah', 0, 109),
(1716, 'Taizz', 0, 109),
(1717, 'Diego Garcia', 1, 165),
(1718, 'British Indian Ocean Territoy', 0, 165),
(1719, 'West Island', 1, 166),
(1720, 'Cocos Keeling Islands', 0, 166),
(1721, 'Tirana', 1, 110),
(1722, 'Berat', 0, 110),
(1723, 'Diber', 0, 110),
(1724, 'Durres', 0, 110),
(1725, 'Elbasan', 0, 110),
(1726, 'Fier', 0, 110),
(1727, 'Gjirokastra', 0, 110),
(1728, 'Korce', 0, 110),
(1729, 'Kukes', 0, 110),
(1730, 'Lezhe', 0, 110),
(1731, 'Shkoder', 0, 110),
(1732, 'Tirana', 0, 110),
(1733, 'Vlore', 0, 110),
(1734, 'Andorra la Vella', 1, 111),
(1735, 'Canillo', 0, 111),
(1736, 'Encamp', 0, 111),
(1737, 'Escaldes-Engordany', 0, 111),
(1738, 'La Massana', 0, 111),
(1739, 'Ordino', 0, 111),
(1740, 'Sant Julia de Loria', 0, 111),
(1741, 'Vienna', 1, 112),
(1742, 'Burgenland', 0, 112),
(1743, 'Karnten', 0, 112),
(1744, 'Niederoesterreich', 0, 112),
(1745, 'Oberoesterreich', 0, 112),
(1746, 'Salzburg', 0, 112),
(1747, 'Steiermark', 0, 112),
(1748, 'Tirol', 0, 112),
(1749, 'Vorarlberg', 0, 112),
(1750, 'Minsk', 1, 113),
(1751, 'Brestskaya', 0, 113),
(1752, 'Homyel Skaya', 0, 113),
(1753, 'Hrodzyenskaya', 0, 113),
(1754, 'Mahilyowskaya', 0, 113),
(1755, 'Menskaya', 0, 113),
(1756, 'Vitsyebsksya', 0, 113),
(1757, 'City of Brussels', 1, 114),
(1758, 'Brussels', 1, 114),
(1759, 'Antwerpen', 0, 114),
(1760, 'East Flanders', 0, 114),
(1761, 'Flemish Brabant', 0, 114),
(1762, 'Hainaut', 0, 114),
(1763, 'Liege', 0, 114),
(1764, 'Limburg', 0, 144),
(1765, 'Luxembourg', 1, 138),
(1766, 'Namur', 0, 114),
(1767, 'West Flanders', 0, 114),
(1768, 'Sarajevo', 1, 115),
(1769, 'Brcko District', 0, 115),
(1770, 'Federation of Bosnia & Herzegovina', 0, 115),
(1771, 'Serbian Republic', 0, 115),
(1772, 'Sofia', 1, 116),
(1773, 'Burgas', 0, 116),
(1774, 'Khaskovo', 0, 116),
(1775, 'Lovech', 0, 116),
(1776, 'Montana', 0, 197),
(1777, 'Plovdiv', 0, 116),
(1778, 'Ruse', 0, 116),
(1779, 'Sofiya', 0, 116),
(1780, 'Sofiya-Grad', 0, 116),
(1781, 'Varna', 0, 116),
(1782, 'Zagreb', 1, 117),
(1783, 'Splitsko-Dalmatinska', 0, 117),
(1784, 'Primorsko-Goranska', 0, 117),
(1785, 'Zagreba?ka', 0, 117),
(1786, 'Osje?ko-Baranjska', 0, 117),
(1787, 'Istarska', 0, 117),
(1788, 'Sisa?ko-Moslava?ka', 0, 117),
(1789, 'Vukovarsko-Srijemska', 0, 117),
(1790, 'Brodsko-Posavska', 0, 117),
(1791, 'Dubrova?ko-Neretvanska', 0, 117),
(1792, 'Karlova?ka', 0, 117),
(1793, 'Varazdinska', 0, 117),
(1794, 'Koprivni?ko-Krizeva?ka', 0, 117),
(1795, 'Sibensko-Kninska', 0, 117),
(1796, 'Viroviticko-Podravska', 0, 117),
(1797, 'Bjelovarsko-Bilogorska', 0, 117),
(1798, 'Pozesko-Slavonska', 0, 117),
(1799, 'Medimurska', 0, 117),
(1800, 'Li?ko-Senjska', 0, 117),
(1801, 'Krapinsko-Zagorska', 0, 117),
(1802, 'Zadarska', 0, 117),
(1803, 'Prague', 1, 119),
(1804, 'Jihcesky', 0, 119),
(1805, 'Jihomoravsky', 0, 119),
(1806, 'Karlovarsky', 0, 119),
(1807, 'Kralovehradecky', 0, 119),
(1808, 'Liberecky', 0, 119),
(1809, 'Moravskoslizsky', 0, 119),
(1810, 'Olomoucky', 0, 119),
(1811, 'Pardubicky', 0, 119),
(1812, 'Plzensky', 0, 119),
(1813, 'Praha', 0, 119),
(1814, 'Stredocesky', 0, 119),
(1815, 'Ustecky', 0, 119),
(1816, 'Vysocina', 0, 119),
(1817, 'Zlinsky', 0, 119),
(1818, 'Copenhagen', 1, 120),
(1819, 'Central Jutland', 0, 120),
(1820, 'North Jutland', 0, 120),
(1821, 'South Denmark', 0, 120),
(1822, 'Zealand', 0, 120),
(1823, 'Tallinn', 1, 121),
(1824, 'Harju', 0, 121),
(1825, 'Hiiu', 0, 121),
(1826, 'Ida-Viru', 0, 121),
(1827, 'Jarva', 0, 121),
(1828, 'Jogeva', 0, 121),
(1829, 'Laane', 0, 121),
(1830, 'Laane-Viru', 0, 121),
(1831, 'Parnu', 0, 121),
(1832, 'Polva', 0, 121),
(1833, 'Rapla', 0, 121),
(1834, 'Saare', 0, 121),
(1835, 'Tartu', 0, 121),
(1836, 'Valga', 0, 121),
(1837, 'Viljandi', 0, 121),
(1838, 'Voru', 0, 121),
(1839, 'Torshavn', 1, 122),
(1840, 'Norderoerne', 0, 122),
(1841, 'Ostero', 0, 122),
(1842, 'Sando', 0, 122),
(1843, 'Stromo', 0, 122),
(1844, 'Sudero', 0, 122),
(1845, 'Vago', 0, 122),
(1846, 'Helsinki', 1, 123),
(1847, 'Central Finland', 0, 123),
(1848, 'Central Ostrobothnia', 0, 123),
(1849, 'Kainuu', 0, 123),
(1850, 'Kymenlaakso', 0, 123),
(1851, 'Lapland', 0, 123),
(1852, 'North Karelia', 0, 123),
(1853, 'North Ostrobothnia', 0, 123),
(1854, 'North Savo', 0, 123),
(1855, 'Ostrobothnia', 0, 123),
(1856, 'Paijat-Hame', 0, 123),
(1857, 'Satakunta', 0, 123),
(1858, 'South Karelia', 0, 123),
(1859, 'South Ostrobothnia', 0, 123),
(1860, 'South Savo', 0, 123),
(1861, 'Southwest Finland', 0, 123),
(1862, 'Paris', 1, 124),
(1863, 'Alsace', 0, 124),
(1864, 'Aquitaine', 0, 124),
(1865, 'Auvergne', 0, 124),
(1866, 'Basse-Normandie', 0, 124),
(1867, 'Bourgogne', 0, 124),
(1868, 'Bretagne', 0, 124),
(1869, 'Champagne-Ardenne', 0, 124),
(1870, 'Corse', 0, 124),
(1871, 'Franche-Comte', 0, 124),
(1872, 'Haute-Normandie', 0, 124),
(1873, 'Ile-de-France', 0, 124),
(1874, 'Languedoc-Roussillon', 0, 124),
(1875, 'Limousin', 0, 124),
(1876, 'Lorraine', 0, 124),
(1877, 'Midi-Pyrenees', 0, 124),
(1878, 'Nord-Pas-de-Calais', 0, 124),
(1879, 'Pays-de-la Loire', 0, 124),
(1880, 'Picardie', 0, 124),
(1881, 'Poitou-Charentes', 0, 124),
(1882, 'Provence-Alpes-Cote d Azur', 0, 124),
(1883, 'Rhooe-Alpes', 0, 124),
(1884, 'Baden-Wurttemberg', 0, 125),
(1885, 'Bavaria', 0, 125),
(1886, 'Berlin', 1, 125),
(1887, 'Brandenburg', 0, 125),
(1888, 'Bremen', 0, 125),
(1889, 'Hamburg', 0, 125),
(1890, 'Hesse', 0, 125),
(1891, 'Lower Saxony', 0, 125),
(1892, 'Mecklenburg-Vorpommern', 0, 125),
(1893, 'North Rhine-Westphalia', 0, 125),
(1894, 'Rhineland-Palatinate', 0, 125),
(1895, 'Saarland', 0, 125),
(1896, 'Saxony', 0, 125),
(1897, 'Saxony-Anhalt', 0, 125),
(1898, 'Schleswig-Holstein', 0, 125),
(1899, 'Thuringia', 0, 125),
(1900, 'Gibraltar', 1, 126),
(1901, 'Athens', 1, 127),
(1902, 'Aegean Islands', 0, 127),
(1903, 'Attiki', 0, 127),
(1904, 'Central Greece', 0, 127),
(1905, 'Crete', 0, 127),
(1906, 'Epirus', 0, 127),
(1907, 'Ionia Islands', 0, 127),
(1908, 'Macedonia Central', 0, 127),
(1909, 'Macedonia East and Thrace', 0, 127),
(1910, 'Macedonia West', 0, 127),
(1911, 'Peloponnesus', 0, 127),
(1912, 'Thessalia', 0, 127),
(1913, 'West Greece', 0, 127),
(1914, 'Saint Peter Port', 1, 128),
(1915, ' Alderney', 0, 128),
(1916, 'Brecqhou', 0, 128),
(1917, 'Castel', 0, 128),
(1918, 'Forest', 0, 128),
(1919, 'Herm', 0, 128),
(1920, 'Jethou', 0, 128),
(1921, 'Lihou', 0, 128),
(1922, 'Saint Andrew', 0, 224),
(1923, 'Saint Martin', 0, 229),
(1924, 'Saint Pierre du Bois', 0, 128),
(1925, 'Saint Sampson', 0, 128),
(1926, 'Saint Saviour', 0, 134),
(1927, 'Sark', 0, 128),
(1928, 'Torteval', 0, 128),
(1929, 'Vale', 0, 128),
(1930, 'Budapest', 1, 129),
(1931, 'Bacs-Kiskun Megye', 0, 129),
(1932, 'Baranya Megye', 0, 129),
(1933, 'Bekes Megye', 0, 129),
(1934, 'Borsod-Abauj-Zemplen Megye', 0, 129),
(1935, 'Csongrad Megye', 0, 129),
(1936, 'Fejer Megye', 0, 129),
(1937, 'Gyor-Moson-Sopron Megye', 0, 129),
(1938, 'Hajdu-Bihar Megye', 0, 129),
(1939, 'Heves Megye', 0, 129),
(1940, 'Jasz-Nagykun-Szolnok Megye', 0, 129),
(1941, 'Komarom-Esztergom Megye', 0, 129),
(1942, 'Nograd Megye', 0, 129),
(1943, 'Pest Megye', 0, 129),
(1944, 'Somogy Megye', 0, 129),
(1945, 'Szabolcs-Szatmar-Bereg Megye', 0, 129),
(1946, 'Tolna Megye', 0, 129),
(1947, 'Vas Megye', 0, 129),
(1948, 'Veszprem Megye', 0, 129),
(1949, 'Zala Megye', 0, 129),
(1950, 'Reykjavik', 1, 130),
(1951, 'Arnessysla', 0, 130),
(1952, 'Austur-Bardhastrandarsysla', 0, 130),
(1953, 'Austur-Hunavatnssysla', 0, 130);
INSERT INTO `state` (`StateID`, `Name`, `IsCapital`, `CountryID`) VALUES
(1954, 'Austur-Skaftafellssysla', 0, 130),
(1955, 'Borgarfjardharsysla', 0, 130),
(1956, 'Dalasysla', 0, 130),
(1957, 'Eyjafjardharsysla', 0, 130),
(1958, 'Gullbringusysla', 0, 130),
(1959, 'Kjosarsysla', 0, 130),
(1960, 'Myrasysla', 0, 130),
(1961, 'Nordhur-Isafjardharsysla', 0, 130),
(1962, 'Nordhur-Mulasysla', 0, 130),
(1963, 'Nordhur-Thingeyjarsysla', 0, 130),
(1964, 'Rangarvallasysla', 0, 130),
(1965, 'Skagafjardharsysla', 0, 130),
(1966, 'Snaefellsnessysla- og Hnappadalssys', 0, 130),
(1967, 'Strandasysla', 0, 130),
(1968, 'Sudhur-Mulasysla', 0, 130),
(1969, 'Sudhur-Thingeijjar', 0, 130),
(1970, 'Vestur-Bardhastrandarsysla', 0, 130),
(1971, 'Vestur-Hunavatnssysla', 0, 130),
(1972, 'Vestur-Isafjardharsysla', 0, 130),
(1973, 'Vestur-Skaftafellssysla', 0, 130),
(1974, 'Dublin', 1, 131),
(1975, 'Carlow', 0, 131),
(1976, 'Cavan', 0, 131),
(1977, 'Clare', 0, 131),
(1978, 'Cork', 0, 131),
(1979, 'Donegal', 0, 131),
(1980, 'Galway', 0, 131),
(1981, 'Kerry', 0, 131),
(1982, 'Kildare', 0, 131),
(1983, 'Kilkenny', 0, 131),
(1984, 'Laois', 0, 131),
(1985, 'Leitrim', 0, 131),
(1986, 'Limerick', 0, 131),
(1987, 'Longford', 0, 131),
(1988, 'Louth', 0, 131),
(1989, 'Mayo', 0, 131),
(1990, 'Meath', 0, 131),
(1991, 'Monaghan', 0, 131),
(1992, 'Offaly', 0, 131),
(1993, 'Roscommon', 0, 131),
(1994, 'Sligo', 0, 131),
(1995, 'Tepperary', 0, 131),
(1996, 'Waterford', 0, 131),
(1997, 'Westmeath', 0, 131),
(1998, 'Wexford', 0, 131),
(1999, 'Wicklow', 0, 131),
(2000, 'Douglas', 1, 132),
(2001, 'Ayre', 0, 132),
(2002, 'Garff', 0, 132),
(2003, 'Glenfaba', 0, 132),
(2004, 'Michael', 0, 132),
(2005, 'Middle', 0, 132),
(2006, 'Rushen', 0, 132),
(2007, 'Agrigento', 0, 133),
(2008, 'Alessandria', 0, 133),
(2009, 'Ancona', 0, 133),
(2010, 'Aosta', 0, 133),
(2011, 'Arezzo', 0, 133),
(2012, 'Ascoli Piceno', 0, 133),
(2013, 'Asti', 0, 133),
(2014, 'Avellino', 0, 133),
(2015, 'Barletta-Andria-Trani', 0, 133),
(2016, 'Belluno', 0, 133),
(2017, 'Benevento', 0, 133),
(2018, 'Bergamo', 0, 133),
(2019, 'Biella', 0, 133),
(2020, 'Bologna', 0, 133),
(2021, 'Bolzano', 0, 133),
(2022, 'Brescia', 0, 133),
(2023, 'Brindisi', 0, 133),
(2024, 'Cagliari', 0, 133),
(2025, 'Caltanissetta', 0, 133),
(2026, 'Campobasso', 0, 133),
(2027, 'Carbonia-Iglesias', 0, 133),
(2028, 'Caserta', 0, 133),
(2029, 'Catania', 0, 133),
(2030, 'Catanzaro', 0, 133),
(2031, 'Chieti', 0, 133),
(2032, 'Como', 0, 133),
(2033, 'Cosenza', 0, 133),
(2034, 'Cremona', 0, 133),
(2035, 'Crotone', 0, 133),
(2036, 'Cuneo', 0, 133),
(2037, 'Enna', 0, 133),
(2038, 'Fermo', 0, 133),
(2039, 'Ferrara', 0, 133),
(2040, 'Firenze', 0, 133),
(2041, 'Foggia', 0, 133),
(2042, 'Forlì-Cesena', 0, 133),
(2043, 'Frosinone', 0, 133),
(2044, 'Genova', 0, 133),
(2045, 'Gorizia', 0, 133),
(2046, 'Grosseto', 0, 133),
(2047, 'Imperia', 0, 133),
(2048, 'Isernia', 0, 133),
(2049, 'LAquila', 0, 133),
(2050, 'La Spezia', 0, 133),
(2051, 'Latina', 0, 133),
(2052, 'Lecce', 0, 133),
(2053, 'Lecco', 0, 133),
(2054, 'Livorno', 0, 133),
(2055, 'Lodi', 0, 133),
(2056, 'Lucca', 0, 133),
(2057, 'Macerata', 0, 133),
(2058, 'Mantova', 0, 133),
(2059, 'Massa', 0, 133),
(2060, 'Matera', 0, 133),
(2061, 'Medio Campidano', 0, 133),
(2062, 'Messina', 0, 133),
(2063, 'Milano', 0, 133),
(2064, 'Modena', 0, 133),
(2065, 'Monza e della Brianza', 0, 133),
(2066, 'Napoli', 0, 133),
(2067, 'Novara', 0, 133),
(2068, 'Nuoro', 0, 133),
(2069, 'Ogliastra', 0, 133),
(2070, 'Olbia-Tempio', 0, 133),
(2071, 'Oristano', 0, 133),
(2072, 'Padova', 0, 133),
(2073, 'Palermo', 0, 133),
(2074, 'Parma', 0, 133),
(2075, 'Pavia', 0, 133),
(2076, 'Perugia', 0, 133),
(2077, 'Pesaro-Urbino', 0, 133),
(2078, 'Pescara', 0, 133),
(2079, 'Piacenza', 0, 133),
(2080, 'Pisa', 0, 133),
(2081, 'Pistoia', 0, 133),
(2082, 'Pordenone', 0, 133),
(2083, 'Potenza', 0, 133),
(2084, 'Prato', 0, 133),
(2085, 'Grosseto', 0, 133),
(2086, 'Ragusa', 0, 133),
(2087, 'Ravenna', 0, 133),
(2088, 'Reggio Calabria', 0, 133),
(2089, 'Reggio Emilia', 0, 133),
(2090, 'Rieti', 0, 133),
(2091, 'Rimini', 0, 133),
(2092, 'Roma', 0, 133),
(2093, 'Rome', 1, 133),
(2094, 'Rovigo', 0, 133),
(2095, 'Salerno', 0, 133),
(2096, 'Sassari', 0, 133),
(2097, 'Savona', 0, 133),
(2098, 'Siena', 0, 133),
(2099, 'Siracusa', 0, 133),
(2100, 'Sondrio', 0, 133),
(2101, 'Taranto', 0, 133),
(2102, 'Teramo', 0, 133),
(2103, 'Terni', 0, 133),
(2104, 'Torino', 0, 133),
(2105, 'Trapani', 0, 133),
(2106, 'Trento', 0, 133),
(2107, 'Treviso', 0, 133),
(2108, 'Trieste', 0, 133),
(2109, 'Udine', 0, 133),
(2110, 'Varese', 0, 133),
(2111, 'Venezia', 0, 133),
(2112, 'Verbano-Cusio-Ossola', 0, 133),
(2113, 'Vercelli', 0, 133),
(2114, 'Verona', 0, 133),
(2115, 'Vibo Valentia', 0, 133),
(2116, 'Vicenza', 0, 133),
(2117, 'Viterbo', 0, 133),
(2118, 'Saint Helier', 1, 134),
(2119, 'Grouville', 0, 134),
(2120, 'Saint Brelade', 0, 134),
(2121, 'Saint Clement', 0, 134),
(2122, 'Saint Helier', 0, 134),
(2123, 'Saint John', 0, 224),
(2124, 'Saint Lawrence', 0, 134),
(2125, 'Saint Mary', 0, 223),
(2126, 'Saint Ouen', 0, 134),
(2127, 'Saint Peter', 0, 235),
(2128, 'Trinity', 0, 134),
(2129, 'Riga', 1, 135),
(2130, 'Aizkraukle', 0, 135),
(2131, 'Aluksne', 0, 135),
(2132, 'Balvi', 0, 135),
(2133, 'Bauska', 0, 135),
(2134, 'Cesis', 0, 135),
(2135, 'Daugavpils', 0, 135),
(2136, 'Dobele', 0, 135),
(2137, 'Gulbene', 0, 135),
(2138, 'Jekabpils', 0, 135),
(2139, 'Jelgava', 0, 135),
(2140, 'Jurmala', 0, 135),
(2141, 'Kraslava', 0, 135),
(2142, 'Kuldiga', 0, 135),
(2143, 'Liepaja', 0, 135),
(2144, 'Limbazi', 0, 135),
(2145, 'Ludza', 0, 135),
(2146, 'Madona', 0, 135),
(2147, 'Ogre', 0, 135),
(2148, 'Preili', 0, 135),
(2149, 'Rezekne', 0, 135),
(2150, 'Riga', 0, 135),
(2151, 'Saldus', 0, 135),
(2152, 'Talsi', 0, 135),
(2153, 'Tukums', 0, 135),
(2154, 'Valka', 0, 135),
(2155, 'Valmiera', 0, 135),
(2156, 'Ventspils', 0, 135),
(2157, 'Vaduz', 1, 136),
(2158, 'Balzers', 0, 136),
(2159, 'Eschen', 0, 136),
(2160, 'Gamprin', 0, 136),
(2161, 'Mauren', 0, 136),
(2162, 'Planken', 0, 136),
(2163, 'Ruggell', 0, 136),
(2164, 'Schaan', 0, 136),
(2165, 'Schellenberg', 0, 136),
(2166, 'Triesen', 0, 136),
(2167, 'Triesenberg', 0, 136),
(2168, 'Vilnius', 1, 137),
(2169, 'Alytus', 0, 137),
(2170, 'Kaunas', 0, 137),
(2171, 'Klaipeda', 0, 137),
(2172, 'Marijampole', 0, 137),
(2173, 'Panevezys', 0, 137),
(2174, 'Siauliai', 0, 137),
(2175, 'Taurage', 0, 137),
(2176, 'Telsiai', 0, 137),
(2177, 'Utena', 0, 137),
(2178, 'Vilnius', 0, 137),
(2179, 'Diekirch', 0, 138),
(2180, 'Grevenmacher', 0, 138),
(2181, 'Skopje', 1, 139),
(2182, 'Berovo', 0, 139),
(2183, 'Bitola', 0, 139),
(2184, 'Brod', 0, 139),
(2185, 'Debar', 0, 139),
(2186, 'Delcevo', 0, 139),
(2187, 'Demir Hisar', 0, 139),
(2188, 'Gevgelija', 0, 139),
(2189, 'Gostivar', 0, 139),
(2190, 'Kavadarci', 0, 139),
(2191, 'Kicevo', 0, 139),
(2192, 'Kocani', 0, 139),
(2193, 'Kratovo', 0, 139),
(2194, 'Kriva Palanka', 0, 139),
(2195, 'Krusevo', 0, 139),
(2196, 'Kumanovo', 0, 139),
(2197, 'Negotino', 0, 139),
(2198, 'Ohrid', 0, 139),
(2199, 'Priliep', 0, 139),
(2200, 'Probistip', 0, 139),
(2201, 'Radovis', 0, 139),
(2202, 'Resen', 0, 139),
(2203, 'Stip', 0, 139),
(2204, 'Struga', 0, 139),
(2205, 'Strumica', 0, 139),
(2206, 'Sveti Nikole', 0, 139),
(2207, 'Tetovo', 0, 139),
(2208, 'Titov Veles', 0, 139),
(2209, 'Valandovo', 0, 139),
(2210, 'Vinica', 0, 139),
(2211, 'Valletta', 1, 140),
(2212, 'Gozo', 0, 140),
(2213, 'South Eastern', 0, 140),
(2214, 'Chisinau', 1, 141),
(2215, 'Balti', 0, 141),
(2216, 'Cahul', 0, 141),
(2217, 'Chisinau', 0, 141),
(2218, 'Chisnaul', 0, 141),
(2219, 'Dubasari', 0, 141),
(2220, 'Edinet', 0, 141),
(2221, 'Gagauzia', 0, 141),
(2222, 'Lapusna', 0, 141),
(2223, 'Orhei', 0, 141),
(2224, 'Soroca', 0, 141),
(2225, 'Tighina', 0, 141),
(2226, 'Ungheni', 0, 141),
(2227, 'Monaco', 1, 142),
(2228, 'Podgorica', 1, 143),
(2229, 'Andrijevica', 0, 143),
(2230, 'Bar', 0, 143),
(2231, 'Berane', 0, 143),
(2232, 'Bijelpolje', 0, 143),
(2233, 'Budva', 0, 143),
(2234, 'Cetinje', 0, 143),
(2235, 'Danilovgrad', 0, 143),
(2236, 'Herceg Novi', 0, 143),
(2237, 'Kolasin', 0, 143),
(2238, 'Kotor', 0, 143),
(2239, 'Mojkovac', 0, 143),
(2240, 'Niksic', 0, 143),
(2241, 'Plav', 0, 143),
(2242, 'Pljevlja', 0, 143),
(2243, 'Pluzine', 0, 143),
(2244, 'Rozaje', 0, 143),
(2245, 'Savnik', 0, 143),
(2246, 'Tivat', 0, 143),
(2247, 'Ulcinj', 0, 143),
(2248, 'Zabljak', 0, 143),
(2249, 'Amsterdam', 1, 144),
(2250, 'Drenthe', 0, 144),
(2251, 'Flevoland', 0, 144),
(2252, 'Friesland', 0, 144),
(2253, 'Gelderland', 0, 144),
(2254, 'Groningen', 0, 144),
(2255, 'Noord-Brabant', 0, 144),
(2256, 'Noord-Holland', 0, 144),
(2257, 'Overijssel', 0, 144),
(2258, 'Utrecht', 0, 144),
(2259, 'Zeeland', 0, 144),
(2260, 'Zuid-Holland', 0, 144),
(2261, 'Oslo', 1, 145),
(2262, 'Akershus', 0, 145),
(2263, 'Aust-Agder', 0, 145),
(2264, 'Buskerud', 0, 145),
(2265, 'Finnmark', 0, 145),
(2266, 'Hedmark', 0, 145),
(2267, 'Hordaland', 0, 145),
(2268, 'More og Romsdal', 0, 145),
(2269, 'Nord-Trondelag', 0, 145),
(2270, 'Nordland', 0, 145),
(2271, 'Oppland', 0, 145),
(2272, 'Ostfold', 0, 145),
(2273, 'Rogaland', 0, 145),
(2274, 'Sogn og Fjordane', 0, 145),
(2275, 'Sor-Trondelag', 0, 145),
(2276, 'Telemark', 0, 145),
(2277, 'Troms', 0, 145),
(2278, 'Vest-Agder', 0, 145),
(2279, 'Vestfold', 0, 145),
(2280, 'Warsaw', 1, 146),
(2281, 'Dolnoslaskie', 0, 146),
(2282, 'Kujawsko-Pomorskie', 0, 146),
(2283, 'Lodzkie', 0, 146),
(2284, 'Lubelskie', 0, 146),
(2285, 'Lubuskie', 0, 146),
(2286, 'Malopolskie', 0, 146),
(2287, 'Mazowieckie', 0, 146),
(2288, 'Opolskie', 0, 146),
(2289, 'Podkarpackie', 0, 146),
(2290, 'Podlaskie', 0, 146),
(2291, 'Pomorskie', 0, 146),
(2292, 'Slaskie', 0, 146),
(2293, 'Swietokrzyskie', 0, 146),
(2294, 'Warminsko-Mazurskie', 0, 146),
(2295, 'Wielkopolskie', 0, 146),
(2296, 'Zachodniopomorskie', 0, 146),
(2297, 'Lisbon', 1, 147),
(2298, 'Aveiro', 0, 147),
(2299, 'Azores', 0, 147),
(2300, 'Braga', 0, 147),
(2301, 'Braganca', 0, 147),
(2302, 'Castelo Branco', 0, 147),
(2303, 'Coimbra', 0, 147),
(2304, 'Evora', 0, 147),
(2305, 'Faro', 0, 147),
(2306, 'Guarda', 0, 147),
(2307, 'Leiria', 0, 147),
(2308, 'Lisboa', 0, 147),
(2309, 'Madeira', 0, 147),
(2310, 'Portalegre', 0, 147),
(2311, 'Porto', 0, 147),
(2312, 'Santarem', 0, 147),
(2313, 'Setubal', 0, 147),
(2314, 'Viana do Castelo', 0, 147),
(2315, 'Vila Real', 0, 147),
(2316, 'Viseu', 0, 147),
(2317, 'Bucharest', 1, 148),
(2318, 'Alba', 0, 148),
(2319, 'Arad', 0, 148),
(2320, 'Arges', 0, 148),
(2321, 'Bacau', 0, 148),
(2322, 'Bihor', 0, 148),
(2323, 'Bistrita-Nasaud', 0, 148),
(2324, 'Botosani', 0, 148),
(2325, 'Braila', 0, 148),
(2326, 'Brasov', 0, 148),
(2327, 'Buzau', 0, 148),
(2328, 'Calarasi', 0, 148),
(2329, 'Caras-Severin', 0, 148),
(2330, 'Cluj', 0, 148),
(2331, 'Constanta', 0, 148),
(2332, 'Covasna', 0, 148),
(2333, 'Dambovita', 0, 148),
(2334, 'Dolj', 0, 148),
(2335, 'Galati', 0, 148),
(2336, 'Giurgiu', 0, 148),
(2337, 'Gorj', 0, 148),
(2338, 'Harghita', 0, 148),
(2339, 'Hunedoara', 0, 148),
(2340, 'Ialomita', 0, 148),
(2341, 'Iasi', 0, 148),
(2342, 'Maramures', 0, 148),
(2343, 'Mehedinti', 0, 148),
(2344, 'Municipiul Bucuresti', 0, 148),
(2345, 'Mures', 0, 148),
(2346, 'Neamt', 0, 148),
(2347, 'Olt', 0, 148),
(2348, 'Prahova', 0, 148),
(2349, 'Salaj', 0, 148),
(2350, 'Satu Mare', 0, 148),
(2351, 'Sibiu', 0, 148),
(2352, 'Suceava', 0, 148),
(2353, 'Teleorman', 0, 148),
(2354, 'Timis', 0, 148),
(2355, 'Tulcea', 0, 148),
(2356, 'Valcea', 0, 148),
(2357, 'Vaslui', 0, 148),
(2358, 'Vrancea', 0, 148),
(2359, 'Moscow City', 1, 149),
(2360, 'Adyget', 0, 149),
(2361, 'Altay', 0, 149),
(2362, 'Amur', 0, 149),
(2363, 'Arkhangelsk', 0, 149),
(2364, 'Astrakha', 0, 149),
(2365, 'Bashkortostan', 0, 149),
(2366, 'Belgorod', 0, 149),
(2367, 'Bryansk', 0, 149),
(2368, 'Buryat', 0, 149),
(2369, 'Chechnya', 0, 149),
(2370, 'Chelyabinsk', 0, 149),
(2371, 'Chukot', 0, 149),
(2372, 'Chuvash', 0, 149),
(2373, 'Dagestan', 0, 149),
(2374, 'Gorno-Altay', 0, 149),
(2375, 'Ingush', 0, 149),
(2376, 'Irkutsk', 0, 149),
(2377, 'Ivanovo', 0, 149),
(2378, 'Kabardin-Balkar', 0, 149),
(2379, 'Kaliningrad', 0, 149),
(2380, 'Kalmyk', 0, 149),
(2381, 'Kaluga', 0, 149),
(2382, 'Kamchatka', 0, 149),
(2383, 'Karachay-Cherkess', 0, 149),
(2384, 'Karelia', 0, 149),
(2385, 'Kemerovo', 0, 149),
(2386, 'Khabarovsk', 0, 149),
(2387, 'Khakass', 0, 149),
(2388, 'Khaty-Mansiy', 0, 149),
(2389, 'Kirov', 0, 149),
(2390, 'Komi', 0, 149),
(2391, 'Kostroma', 0, 149),
(2392, 'Krasnodar', 0, 149),
(2393, 'Krasnoyarsk', 0, 149),
(2394, 'Kurgan', 0, 149),
(2395, 'Kursk', 0, 149),
(2396, 'Leningrad', 0, 149),
(2397, 'Lipetsk', 0, 149),
(2398, 'Magada', 0, 149),
(2399, 'Mariy-El', 0, 149),
(2400, 'Mordovia', 0, 149),
(2401, 'Moskva', 0, 149),
(2402, 'Murmansk', 0, 149),
(2403, 'Nenets', 0, 149),
(2404, 'Nizhegorod', 0, 149),
(2405, 'North Ossetia', 0, 149),
(2406, 'Novgorod', 0, 149),
(2407, 'Novosibirsk', 0, 149),
(2408, 'Omsk', 0, 149),
(2409, 'Oreburg', 0, 149),
(2410, 'Orel', 0, 149),
(2411, 'Penza', 0, 149),
(2412, 'Perm', 0, 149),
(2413, 'Primorye', 0, 149),
(2414, 'Pskov', 0, 149),
(2415, 'Rostov', 0, 149),
(2416, 'Ryaza', 0, 149),
(2417, 'Saint Petersburg City', 0, 149),
(2418, 'Sakha', 0, 149),
(2419, 'Samara', 0, 149),
(2420, 'Saratov', 0, 149),
(2421, 'Smolensk', 0, 149),
(2422, 'Stavropol', 0, 149),
(2423, 'Sverdlovsk', 0, 149),
(2424, 'Tambov', 0, 149),
(2425, 'Tatarstan', 0, 149),
(2426, 'Tomsk', 0, 149),
(2427, 'Tula', 0, 149),
(2428, 'Tver', 0, 149),
(2429, 'Tyume', 0, 149),
(2430, 'Udmurt', 0, 149),
(2431, 'Ulyanovsk', 0, 149),
(2432, 'Vladimir', 0, 149),
(2433, 'Volgograd', 0, 149),
(2434, 'Vologda', 0, 149),
(2435, 'Voronezh', 0, 149),
(2436, 'Yamal-Nenets', 0, 149),
(2437, 'Yaroslavl', 0, 149),
(2438, 'Yevrey', 0, 149),
(2439, 'Zabaykalye', 0, 149),
(2440, 'San Marino', 1, 150),
(2441, 'Acauaviva', 0, 150),
(2442, 'Borgo Maggiore', 0, 150),
(2443, 'Chiesanuova', 0, 150),
(2444, 'Domagnano', 0, 150),
(2445, 'Faetano', 0, 150),
(2446, 'Fiorentino', 0, 150),
(2447, 'Montegiardino', 0, 150),
(2448, 'Serravalle', 0, 150),
(2449, 'Belgrade', 1, 151),
(2450, 'Bor', 0, 151),
(2451, 'Branicevo', 0, 151),
(2452, 'Central Banat', 0, 151),
(2453, 'Danube', 0, 151),
(2454, 'Jablanica', 0, 151),
(2455, 'Kolubara', 0, 151),
(2456, 'Kosovo', 0, 151),
(2457, 'Kosovo-Pomdravlje', 0, 151),
(2458, 'Kosovska Mitrovica', 0, 151),
(2459, 'Macva', 0, 151),
(2460, 'Morava', 0, 151),
(2461, 'Nisava', 0, 151),
(2462, 'North Backa', 0, 151),
(2463, 'North Banat', 0, 151),
(2464, 'Pcinja', 0, 151),
(2465, 'Pec', 0, 151),
(2466, 'Pirot', 0, 151),
(2467, 'Pomoravlje', 0, 151),
(2468, 'Prizren', 0, 151),
(2469, 'Rasina', 0, 151),
(2470, 'Raska', 0, 151),
(2471, 'South Backa', 0, 151),
(2472, 'South Banat', 0, 151),
(2473, 'Srem', 0, 151),
(2474, 'Sumadija', 0, 151),
(2475, 'Toplica', 0, 151),
(2476, 'West Backa', 0, 151),
(2477, 'Zajelcar', 0, 151),
(2478, 'Zlatibor', 0, 151),
(2479, 'Bratislava', 1, 152),
(2480, 'Banska Bystrica', 0, 152),
(2481, 'Bratislava', 0, 152),
(2482, 'Kosice', 0, 152),
(2483, 'Nitra', 0, 152),
(2484, 'Presov', 0, 152),
(2485, 'Trencin', 0, 152),
(2486, 'Trnava', 0, 152),
(2487, 'Zilina', 0, 152),
(2488, 'Dolenjska', 1, 153),
(2489, 'Gorenjska', 0, 153),
(2490, 'Goriska', 0, 153),
(2491, 'Koroska', 0, 153),
(2492, 'Notranjsko-kraska', 0, 153),
(2493, 'Obalno-kraska', 0, 153),
(2494, 'Osrednjeslovenska', 0, 153),
(2495, 'Podravska', 0, 153),
(2496, 'Pomurska', 0, 153),
(2497, 'Savinjska', 0, 153),
(2498, 'Spodnjeposavsak', 0, 153),
(2499, 'Zasavska', 0, 153),
(2500, 'Madrid', 1, 154),
(2501, 'Andalucia', 0, 154),
(2502, 'Aragon', 0, 154),
(2503, 'Asturias', 0, 154),
(2504, 'Baleares', 0, 154),
(2505, 'Basque Country', 0, 154),
(2506, 'Canarias', 0, 154),
(2507, 'Cantabria', 0, 154),
(2508, 'Castilla y Leon', 0, 154),
(2509, 'Castilla-La Mancha', 0, 154),
(2510, 'Cataluna', 0, 154),
(2511, 'Ceuta y Melilla', 0, 154),
(2512, 'Extremadura', 0, 154),
(2513, 'Galicia', 0, 154),
(2514, 'La Rioja', 0, 238),
(2515, 'Madrid', 0, 154),
(2516, 'Murcia', 0, 154),
(2517, 'Navarra', 0, 154),
(2518, 'Valencia', 0, 154),
(2519, 'Longyearbyen', 1, 155),
(2520, 'Jay Mayen Islands', 0, 155),
(2521, 'Savlbard', 0, 155),
(2522, 'Stockholm', 1, 156),
(2523, 'Blekinge', 0, 156),
(2524, 'Dalarna', 0, 156),
(2525, 'Gavleborg', 0, 156),
(2526, 'Gotland', 0, 156),
(2527, 'Halland', 0, 156),
(2528, 'Jamtland', 0, 156),
(2529, 'Jonkoping', 0, 156),
(2530, 'Kalmar', 0, 156),
(2531, 'Kronoberg', 0, 156),
(2532, 'Norrbotten', 0, 156),
(2533, 'Orebro', 0, 156),
(2534, 'Ostergotland', 0, 156),
(2535, 'Skane', 0, 156),
(2536, 'Sodermanland', 0, 156),
(2537, 'Uppsala', 0, 156),
(2538, 'Varmland', 0, 156),
(2539, 'Vasterbotten', 0, 156),
(2540, 'Vasternorrland', 0, 156),
(2541, 'Vastmanland', 0, 156),
(2542, 'Vastra Gotaland', 0, 156),
(2543, 'Bern', 1, 157),
(2544, 'Aargau', 0, 157),
(2545, 'Appenzell Inner Rhodes', 0, 157),
(2546, 'Appenzell Outer Rhodes', 0, 157),
(2547, 'Basel-Landschaft', 0, 157),
(2548, 'Basel-Stadt', 0, 157),
(2549, 'Fribourg', 0, 157),
(2550, 'Geneva', 0, 157),
(2551, 'Glarus', 0, 157),
(2552, 'Graubunden', 0, 157),
(2553, 'Jura', 0, 157),
(2554, 'Lucerne', 0, 157),
(2555, 'Neuchatel', 0, 157),
(2556, 'Nidwalden', 0, 157),
(2557, 'Obwalden', 0, 157),
(2558, 'Sankt Gallen', 0, 157),
(2559, 'Schaffhausen', 0, 157),
(2560, 'Schwyz', 0, 157),
(2561, 'Solothurn', 0, 157),
(2562, 'Thurgau', 0, 157),
(2563, 'Ticino', 0, 157),
(2564, 'Uri', 0, 157),
(2565, 'Valais', 0, 157),
(2566, 'Vaud', 0, 157),
(2567, 'Zug', 0, 157),
(2568, 'Zurich', 0, 157),
(2569, 'Kiev', 1, 158),
(2570, 'Cherkasy', 0, 158),
(2571, 'Chernihiv', 0, 158),
(2572, 'Chernivtsi', 0, 158),
(2573, 'Dnipropetrovsk', 0, 158),
(2574, 'Donetsk', 0, 158),
(2575, 'Ivano-Frankivsk', 0, 158),
(2576, 'Kharkiv', 0, 158),
(2577, 'Khemenytskyy', 0, 158),
(2578, 'Kherson', 0, 158),
(2579, 'Kirovohrd', 0, 158),
(2580, 'Lviv', 0, 158),
(2581, 'Luhansk', 0, 158),
(2582, 'Mykolayiv', 0, 158),
(2583, 'Odessa', 0, 158),
(2584, 'Poltava', 0, 158),
(2585, 'Rivne', 0, 158),
(2586, 'Sumy', 0, 158),
(2587, 'Ternopil', 0, 158),
(2588, 'Vinnytsya', 0, 158),
(2589, 'Volyn', 0, 158),
(2590, 'Zakarpattia', 0, 158),
(2591, 'Zaporizhzhya', 0, 158),
(2592, 'Zhytomyr', 0, 158),
(2593, 'London', 1, 159),
(2594, 'West Midlands', 0, 159),
(2595, 'Greater Manchester', 0, 159),
(2596, 'West Yorkshire', 0, 159),
(2597, 'Kent', 0, 159),
(2598, 'Merseyside', 0, 159),
(2599, 'Essex', 0, 159),
(2600, 'South Yorkshire', 0, 159),
(2601, 'Hampshire', 0, 159),
(2602, 'Surrey', 0, 159),
(2603, 'Tyne and Wear', 0, 159),
(2604, 'Hertfordshire', 0, 159),
(2605, 'Lancashire', 0, 159),
(2606, 'Nottinghamshire', 0, 159),
(2607, 'Cheshire', 0, 159),
(2608, 'Staffordshire', 0, 159),
(2609, 'Derbyshire', 0, 159),
(2610, 'Norfolk', 0, 159),
(2611, 'West Sussex', 0, 159),
(2612, 'Northamptonshire', 0, 159),
(2613, 'Oxfordshire', 0, 159),
(2614, 'Devon', 0, 159),
(2615, 'Suffolk', 0, 159),
(2616, 'Lincolnshire', 0, 159),
(2617, 'Gloucestershire', 0, 159),
(2618, 'Leicestershire', 0, 159),
(2619, 'Cambridgeshire', 0, 159),
(2620, 'East Sussex', 0, 159),
(2621, 'Durham', 0, 159),
(2622, 'Bristol', 0, 159),
(2623, 'Warwickshire', 0, 159),
(2624, 'Buckinghamshire', 0, 159),
(2625, 'North Yorkshire', 0, 159),
(2626, 'Bedfordshire', 0, 159),
(2627, 'Cumbria', 0, 159),
(2628, 'Somerset', 0, 159),
(2629, 'Cornwall', 0, 159),
(2630, 'Wiltshire', 0, 159),
(2631, 'Shropshire', 0, 159),
(2632, 'Leicester', 0, 159),
(2633, 'Worcestershire', 0, 159),
(2634, 'Kingston upon Hull', 0, 159),
(2635, 'Plymouth', 1, 235),
(2636, 'Stoke-on-Trent', 0, 159),
(2637, 'Derby', 0, 159),
(2638, 'Dorset', 0, 159),
(2639, 'Nottingham', 0, 159),
(2640, 'Southampton', 0, 225),
(2641, 'Brighton and Hove', 0, 159),
(2642, 'Herefordshire', 0, 159),
(2643, 'Northumberland', 0, 159),
(2644, 'Portsmouth', 0, 159),
(2645, 'East Riding of Yorkshire', 0, 159),
(2646, 'Luton', 0, 159),
(2647, 'Swindon', 0, 159),
(2648, 'Southend-on-Sea', 0, 159),
(2649, 'York', 0, 159),
(2650, 'South Gloucestershire', 0, 159),
(2651, 'Milton Keynes', 0, 159),
(2652, 'Bournemouth', 0, 159),
(2653, 'North Somerset', 0, 159),
(2654, 'Warrington', 0, 159),
(2655, 'Peterborough', 0, 159),
(2656, 'Reading', 0, 159),
(2657, 'Blackpool', 0, 159),
(2658, 'North East Lincolnshire', 0, 159),
(2659, 'Middlesbrough', 0, 159),
(2660, 'Stockton-on-Tees', 0, 159),
(2661, 'Blackburn with Darwen', 0, 159),
(2662, 'Torbay', 0, 159),
(2663, 'Poole', 0, 159),
(2664, 'Windsor and Maidenhead', 0, 159),
(2665, 'North Lincolnshire', 0, 159),
(2666, 'Bath and North East Somerset', 0, 159),
(2667, 'Slough', 0, 159),
(2668, 'Halton', 0, 159),
(2669, 'Isle of Wight', 0, 159),
(2670, 'Bracknell Forest', 0, 159),
(2671, 'Hartlepool', 0, 159),
(2672, 'Darlington', 0, 159),
(2673, 'West Berkshire', 0, 159),
(2674, 'Redcar and Cleveland', 0, 159),
(2675, 'Wokingham', 0, 159),
(2676, 'Rutland', 0, 159),
(2677, 'Belfast', 1, 160),
(2678, 'Londonderry', 0, 160),
(2679, 'Lisburn', 0, 160),
(2680, 'North Down', 0, 160),
(2681, 'Newtownabbey', 0, 160),
(2682, 'Castlereagh', 0, 160),
(2683, 'Craigavon', 0, 160),
(2684, 'Ards', 0, 160),
(2685, 'Newry and Mourne', 0, 160),
(2686, 'Coleraine', 0, 160),
(2687, 'Ballymena', 0, 160),
(2688, 'Antrim', 0, 160),
(2689, 'Carrickfergus', 0, 160),
(2690, 'Down', 0, 160),
(2691, 'Banbridge', 0, 160),
(2692, 'Armagh', 0, 160),
(2693, 'Omagh', 0, 160),
(2694, 'Fermanagh', 0, 160),
(2695, 'Strabane', 0, 160),
(2696, 'Dungannon and South Tyrone', 0, 160),
(2697, 'Larne', 0, 160),
(2698, 'Magherafelt', 0, 160),
(2699, 'Limavady', 0, 160),
(2700, 'Cookstown', 0, 160),
(2701, 'Ballymoney', 0, 160),
(2702, 'Moyle', 0, 160),
(2703, 'Glasgow', 0, 161),
(2704, 'Edinburgh', 1, 161),
(2705, 'Fife', 0, 161),
(2706, 'North Lanarkshire', 0, 161),
(2707, 'South Lanarkshire', 0, 161),
(2708, 'Aberdee', 0, 161),
(2709, 'West Lothian', 0, 161),
(2710, 'Aberdeenshire', 0, 161),
(2711, 'Renfrewshire', 0, 161),
(2712, 'Dundee', 0, 161),
(2713, 'North Ayrshire', 0, 161),
(2714, 'Highland', 0, 161),
(2715, 'Falkirk', 0, 161),
(2716, 'Perth and Kinross', 0, 161),
(2717, 'East Ayrshire', 0, 161),
(2718, 'South Ayrshire', 0, 161),
(2719, 'Dumfries and Galloway', 0, 161),
(2720, 'East Dunbartonshire', 0, 161),
(2721, 'West Dunbartonshire', 0, 161),
(2722, 'East Lothian', 0, 161),
(2723, 'Inverclyde', 0, 161),
(2724, 'Angus', 0, 161),
(2725, 'Scottish Borders', 0, 161),
(2726, 'Stirling', 0, 161),
(2727, 'East Renfrewshire', 0, 161),
(2728, 'Moray', 0, 161),
(2729, 'Argyll and Bute', 0, 161),
(2730, 'Midlothian', 0, 161),
(2731, 'Clackmannanshire', 0, 161),
(2732, 'Orkney Islands', 0, 161),
(2733, 'Shetland Islands', 0, 161),
(2734, 'Eilean Siar', 0, 161),
(2735, 'Cardiff', 1, 162),
(2736, 'Swansea', 0, 162),
(2737, 'Rhondda Cynon Taff', 0, 162),
(2738, 'Caerphilly', 0, 162),
(2739, 'Newport', 0, 162),
(2740, 'Carmarthenshire', 0, 162),
(2741, 'Neath Port Talbot', 0, 162),
(2742, 'Bridgend', 0, 162),
(2743, 'Vale of Glamorgan', 0, 162),
(2744, 'Flintshire', 0, 162),
(2745, 'Wrexham', 0, 162),
(2746, 'Torfaen', 0, 162),
(2747, 'Conwy', 0, 162),
(2748, 'Denbighshire', 0, 162),
(2749, 'Pembrokeshire', 0, 162),
(2750, 'Blaenau Gwent', 0, 162),
(2751, 'Gwynedd', 0, 162),
(2752, 'Powys', 0, 162),
(2753, 'Monmouthshire', 0, 162),
(2754, 'Merthyr Tydfil', 0, 162),
(2755, 'Ceredigion', 0, 162),
(2756, 'Anglesey', 0, 162),
(2757, 'Vatican City (Holy See)', 1, 163),
(2758, 'Mariehamn', 1, 164),
(2759, 'Brand', 0, 164),
(2760, 'Eckero', 0, 164),
(2761, 'Finstrom', 0, 164),
(2762, 'Foglo', 0, 164),
(2763, 'Geta', 0, 164),
(2764, 'Hammarland', 0, 164),
(2765, 'Jomala', 0, 164),
(2766, 'Kokar', 0, 164),
(2767, 'Kumlinge', 0, 164),
(2768, 'Lemland', 0, 164),
(2769, 'Lumparland', 0, 164),
(2770, 'Mariehamn', 0, 164),
(2771, 'Saltvik', 0, 164),
(2772, 'Sottunga', 0, 164),
(2773, 'Sund', 0, 164),
(2774, 'Vardo', 0, 164),
(2775, 'Alabama', 0, 197),
(2776, 'Alaska', 0, 197),
(2777, 'Arizona', 0, 197),
(2778, 'Arkansas', 0, 197),
(2779, 'California', 0, 197),
(2780, 'Colorado', 0, 197),
(2781, 'Connecticut', 0, 197),
(2782, 'Delaware', 0, 197),
(2783, 'Florida', 0, 245),
(2784, 'Georgia', 0, 197),
(2785, 'Hawaii', 0, 197),
(2786, 'Idaho', 0, 197),
(2787, 'Illinois', 0, 197),
(2788, 'Indiana', 0, 197),
(2789, 'Iowa', 0, 197),
(2790, 'Kansas', 0, 197),
(2791, 'Kentucky', 0, 197),
(2792, 'Louisiana', 0, 197),
(2793, 'Maine', 0, 197),
(2794, 'Massachusetts', 0, 197),
(2795, 'Michigan', 0, 197),
(2796, 'Minnesota', 0, 197),
(2797, 'Mississippi', 0, 197),
(2798, 'Missouri', 0, 197),
(2799, 'Nebraska', 0, 197),
(2800, 'Nevada', 0, 197),
(2801, 'New Hampshire', 0, 197),
(2802, 'New Jersey', 0, 197),
(2803, 'New Mexico', 0, 197),
(2804, 'New York', 0, 197),
(2805, 'North Carolina', 0, 197),
(2806, 'North Dakota', 0, 197),
(2807, 'Ohio', 0, 197),
(2808, 'Oklahoma', 0, 197),
(2809, 'Oregon', 0, 197),
(2810, 'Pennsylvania', 0, 197),
(2811, 'Rhode Island', 0, 197),
(2812, 'South Carolina', 0, 197),
(2813, 'South Dakota', 0, 197),
(2814, 'Tennessee', 0, 197),
(2815, 'Texas', 0, 197),
(2816, 'Utah', 0, 197),
(2817, 'Vermont', 0, 197),
(2818, 'Virginia', 0, 197),
(2819, 'Washington D.C.', 1, 197),
(2820, 'West Virginia', 0, 197),
(2821, 'Wisconsin', 0, 197),
(2822, 'Wyoming', 0, 197),
(2823, 'Puerto Rico', 0, 197),
(2824, 'US Virgin Islands', 0, 197),
(2825, 'District of Columbia', 0, 197),
(2826, 'Mexico City', 1, 198),
(2827, 'Aguascalientes', 0, 198),
(2828, 'Baja California', 0, 198),
(2829, 'Baja California Sur', 0, 198),
(2830, 'Campeche', 0, 198),
(2831, 'Chiapas', 0, 198),
(2832, 'Chihuahua', 0, 198),
(2833, 'Coahuila', 0, 198),
(2834, 'Colima', 0, 198),
(2835, 'Distrito Federal', 0, 236),
(2836, 'Durango', 0, 198),
(2837, 'Guanajuato', 0, 198),
(2838, 'Guerrero', 0, 198),
(2839, 'Hidalgo', 0, 198),
(2840, 'Jalisco', 0, 198),
(2841, 'Mexico State', 0, 198),
(2842, 'Micohancan', 0, 198),
(2843, 'Morelos', 0, 198),
(2844, 'Nayarit', 0, 198),
(2845, 'Nuevo Leon', 0, 198),
(2846, 'Oaxaca', 0, 198),
(2847, 'Puebla', 0, 198),
(2848, 'Queretaro', 0, 198),
(2849, 'Quintana Roo', 0, 198),
(2850, 'San Luis Potosi', 0, 198),
(2851, 'Sinaloa', 0, 198),
(2852, 'Sonora', 0, 198),
(2853, 'Tabasco', 0, 198),
(2854, 'Tamaulipas', 0, 198),
(2855, 'Tlaxcala', 0, 198),
(2856, 'Veracruz', 0, 198),
(2857, 'Yucatan', 0, 198),
(2858, 'Zacatecas', 0, 198),
(2859, 'Ontario', 0, 199),
(2860, 'Quebec', 0, 199),
(2861, 'British Columbia', 0, 199),
(2862, 'Alberta', 0, 199),
(2863, 'Manitoba', 0, 199),
(2864, 'Saskatchewan', 0, 199),
(2865, 'Nova Scotia', 0, 199),
(2866, 'New Brunswick', 0, 199),
(2867, 'Newfoundland and Labrador', 0, 199),
(2868, 'Prince Edward Island', 0, 199),
(2869, 'Northwest Territories', 0, 199),
(2870, 'Yukon', 0, 199),
(2871, 'Nunavut', 0, 199),
(2872, 'Ottawa', 1, 199),
(2873, 'Guatemala City', 1, 200),
(2874, 'Alta Verapaz', 0, 200),
(2875, 'Baja Verapaz', 0, 200),
(2876, 'Chimaltenango', 0, 200),
(2877, 'Chiquimula', 0, 200),
(2878, 'El Progreso', 0, 200),
(2879, 'Escuintla', 0, 200),
(2880, 'Huehuetenango', 0, 200),
(2881, 'Izabel', 0, 200),
(2882, 'Jalapa', 0, 200),
(2883, 'Jutiapa', 0, 200),
(2884, 'Peten', 0, 200),
(2885, 'Quetzaltenango', 0, 200),
(2886, 'Quiche', 0, 200),
(2887, 'Retalhuleu', 0, 200),
(2888, 'Sacatepequez', 0, 200),
(2889, 'San Marcos', 0, 200),
(2890, 'Santa Rosa', 0, 200),
(2891, 'Solola', 0, 200),
(2892, 'Suchitepequez', 0, 200),
(2893, 'Totonicapan', 0, 200),
(2894, 'Zacapa', 0, 200),
(2895, 'Havana', 1, 201),
(2896, 'Artemisa', 0, 201),
(2897, 'Camaguey', 0, 201),
(2898, 'Ciego de Avila', 0, 201),
(2899, 'Cienfuegos', 0, 201),
(2900, 'Granma', 0, 201),
(2901, 'Guantanamo', 0, 201),
(2902, 'Holguin', 0, 201),
(2903, 'Isla de la Juventud', 0, 201),
(2904, 'La Habana', 0, 201),
(2905, 'Las Tunas', 0, 201),
(2906, 'Matanzas', 0, 201),
(2907, 'Pinar del Rio', 0, 201),
(2908, 'Sancti Spiritus', 0, 201),
(2909, 'Santiago de Cuba', 0, 201),
(2910, 'Villa Clara', 0, 201),
(2911, 'Port-au-Prince', 1, 202),
(2912, 'Grand Anse', 0, 202),
(2913, 'LArtibonite', 0, 202),
(2914, 'Nippes', 0, 202),
(2915, 'Nord-Est', 0, 202),
(2916, 'Sud-Est', 0, 202),
(2917, 'Santo Domingo', 1, 203),
(2918, 'Azua', 0, 203),
(2919, 'Baoruco', 0, 203),
(2920, 'Barahona', 0, 203),
(2921, 'Dajabon', 0, 203),
(2922, 'Distrito Nacional', 0, 203),
(2923, 'Duarte', 0, 203),
(2924, 'El Seibo', 0, 203),
(2925, 'Elias Pina', 0, 203),
(2926, 'Espaillat', 0, 203),
(2927, 'Hato Mayor', 0, 203),
(2928, 'Independencia', 0, 203),
(2929, 'La Altagracia', 0, 203),
(2930, 'La Romana', 0, 203),
(2931, 'La Vega', 0, 203),
(2932, 'Maria Trinidad Sanchez', 0, 203),
(2933, 'Monsenor Nouel', 0, 203),
(2934, 'Monte Cristi', 0, 203),
(2935, 'Monte Plata', 0, 203),
(2936, 'Pedernales', 0, 203),
(2937, 'Peravia', 0, 203),
(2938, 'Puerto Plata', 0, 203),
(2939, 'Salcedo', 0, 203),
(2940, 'Samana', 0, 203),
(2941, 'San Cristobal', 0, 203),
(2942, 'San Jose do Ocoa', 0, 203),
(2943, 'San Juan', 0, 238),
(2944, 'San Pedro de Macoris', 0, 203),
(2945, 'Sanchez Ramirez', 0, 203),
(2946, 'Santiago', 1, 241),
(2947, 'Santiago Rodriguez', 0, 203),
(2948, 'Santo Domingo', 0, 203),
(2949, 'Valverde', 0, 203),
(2950, 'Tegucigalpa', 1, 204),
(2951, 'Atlantida', 0, 204),
(2952, 'Choluteca', 0, 204),
(2953, 'Colon', 0, 209),
(2954, 'Comayagua', 0, 204),
(2955, 'Copan', 0, 204),
(2956, 'Cortes', 0, 204),
(2957, 'El Paraiso', 0, 204),
(2958, 'Francisco Morazan', 0, 204),
(2959, 'Gracias a Dios', 0, 204),
(2960, 'Intibuca', 0, 204),
(2961, 'Islas de la Bahia', 0, 204),
(2962, 'La Paz', 0, 243),
(2963, 'Lempira', 0, 204),
(2964, 'Ocotepeque', 0, 204),
(2965, 'Olancho', 0, 204),
(2966, 'Santa Barbara', 0, 204),
(2967, 'Valle', 0, 204),
(2968, 'Yoro', 0, 204),
(2969, 'San Salvador', 0, 214),
(2970, 'Ahuachapan', 0, 205),
(2971, 'Cabanas', 0, 205),
(2972, 'Chalatenango', 0, 205),
(2973, 'Cuscatlan', 0, 205),
(2974, 'La Libertad', 0, 239),
(2975, 'Morazan', 0, 205),
(2976, 'San Miguel', 0, 205),
(2977, 'San Vicente', 0, 205),
(2978, 'Santa Ana', 0, 205),
(2979, 'Sonsonate', 0, 205),
(2980, 'Usulutan', 0, 205),
(2981, 'Managua', 1, 206),
(2982, 'Atlantico Norte', 0, 206),
(2983, 'Atlantico Sur', 0, 206),
(2984, 'Boaco', 0, 206),
(2985, 'Carazo', 0, 206),
(2986, 'Chinandega', 0, 206),
(2987, 'Chontales', 0, 206),
(2988, 'Esteli', 0, 206),
(2989, 'Granada', 0, 206),
(2990, 'Jinotega', 0, 206),
(2991, 'Leon', 0, 206),
(2992, 'Madriz', 0, 206),
(2993, 'Managua', 0, 206),
(2994, 'Masaya', 0, 206),
(2995, 'Matagalpa', 0, 206),
(2996, 'Nueva Segovia', 0, 206),
(2997, 'Rio San Juan', 0, 206),
(2998, 'Rivas', 0, 206),
(2999, 'San Jose', 1, 207),
(3000, 'Aajuela', 0, 207),
(3001, 'Cartago', 0, 207),
(3002, 'Guanacaste', 0, 207),
(3003, 'Heredia', 0, 207),
(3004, 'Limon', 0, 207),
(3005, 'Puntarenas', 0, 207),
(3006, 'San Jose', 0, 245),
(3007, 'Aguadilla', 0, 208),
(3008, 'Arecibo', 0, 208),
(3009, 'Bayamon', 0, 208),
(3010, 'Caguas', 0, 208),
(3011, 'Carolina', 0, 208),
(3012, 'Cayey', 0, 208),
(3013, 'Fajardo', 0, 208),
(3014, 'Guayama', 0, 208),
(3015, 'Guaynabo', 0, 208),
(3016, 'Humacao', 0, 208),
(3017, 'Mayaguez', 0, 208),
(3018, 'Ponce', 0, 208),
(3019, 'Trujillo Alto', 0, 208),
(3020, 'Utuado', 0, 208),
(3021, 'Vieques', 0, 208),
(3022, 'Yauco', 0, 208),
(3023, 'Panama City', 1, 209),
(3024, 'Bocas del Toro', 0, 209),
(3025, 'Chiriqui', 0, 209),
(3026, 'Cocle', 0, 209),
(3027, 'Darien', 0, 209),
(3028, 'Embera', 0, 209),
(3029, 'Herrera', 0, 209),
(3030, 'Kuna Yala', 0, 209),
(3031, 'Los Santos', 0, 209),
(3032, 'Nagbe Bugle', 0, 209),
(3033, 'Veraguas', 0, 209),
(3034, 'Kingston', 1, 180),
(3035, 'Clarendon', 0, 210),
(3036, 'Hanover', 0, 210),
(3037, 'Manchester', 0, 210),
(3038, 'Portland', 0, 210),
(3039, 'Saint Andrews', 0, 210),
(3040, 'Saint Ann', 0, 210),
(3041, 'Saint Catherine', 0, 210),
(3042, 'Saint Elizabeth', 0, 210),
(3043, 'Saint James', 0, 216),
(3044, 'Saint Thomas', 0, 219),
(3045, 'Trelawny', 0, 210),
(3046, 'Westmoreland', 0, 210),
(3047, 'Port of Spain', 1, 211),
(3048, 'Arima bor', 0, 211),
(3049, 'Chaguanas bor', 0, 211),
(3050, 'Couva/Tabaquite/Talparo reg', 0, 211),
(3051, 'Diego Martin', 0, 211),
(3052, 'Eastern Tobago', 0, 211),
(3053, 'Mayaro/Rio Claro', 0, 211),
(3054, 'Penal/Debe', 0, 211),
(3055, 'Point Fortin bor', 0, 211),
(3057, 'Princes Town', 0, 211),
(3058, 'San Fernando', 0, 211),
(3059, 'San Juan/Laventille', 0, 211),
(3060, 'Sangre Grande', 0, 211),
(3061, 'Siparia', 0, 211),
(3062, 'Tunapuna/Piarco', 0, 211),
(3063, 'Wester Tobago', 0, 211),
(3064, 'Basse-Terre', 1, 212),
(3065, 'Pointe-A-Pitre', 0, 212),
(3066, 'Fort de France', 1, 213),
(3067, 'La Marin', 0, 213),
(3068, 'La Trinite', 0, 213),
(3069, 'Nassau', 1, 214),
(3070, 'Abaco', 0, 214),
(3071, 'Acklins Island', 0, 214),
(3072, 'Andros', 0, 214),
(3073, 'Bimini Islands', 0, 214),
(3074, 'Cat Island', 0, 214),
(3075, 'Crooked Island', 0, 214),
(3076, 'Eleuthera', 0, 214),
(3077, 'Exuma', 0, 214),
(3078, 'Grand Bahama', 0, 214),
(3079, 'Harbour Island', 0, 214),
(3080, 'Inagua', 0, 214),
(3081, 'Long Island', 0, 214),
(3082, 'Mayaguana', 0, 214),
(3083, 'New Providence', 0, 214),
(3084, 'Ragged Islands', 0, 214),
(3085, 'Belmopan', 1, 215),
(3086, 'Cayo', 0, 215),
(3087, 'Corozal', 0, 215),
(3088, 'Orange Walk', 0, 215),
(3089, 'Stann Creek', 0, 215),
(3090, 'Toledo', 0, 215),
(3091, 'Bridgetown', 1, 216),
(3092, 'Christ Church', 0, 216),
(3093, 'Saint George', 0, 224),
(3094, 'Saint Joseph', 0, 224),
(3095, 'Saint Lucy', 0, 216),
(3096, 'Saint Michael', 0, 216),
(3097, 'Saint Philip', 0, 223),
(3098, 'Castries', 1, 217),
(3099, 'Anse-la-Raye', 0, 217),
(3100, 'Canaries', 0, 217),
(3101, 'Choiseul', 0, 186),
(3102, 'Dennery', 0, 217),
(3103, 'Gros Islet', 0, 217),
(3104, 'Laborie', 0, 217),
(3105, 'Micoud', 0, 217),
(3106, 'Soufriere', 0, 217),
(3107, 'Vieux Fort', 0, 217),
(3108, 'Willemstad', 1, 218),
(3109, 'Curacao', 0, 218),
(3110, 'Charlotte Amalie', 1, 219),
(3111, 'Saint Croix', 0, 219),
(3112, 'Oranjestad', 1, 220),
(3113, 'Aruba', 0, 220),
(3114, 'St. Georges', 1, 221),
(3115, 'Carriacou', 0, 221),
(3116, 'Saint David', 0, 224),
(3117, 'Saint Mark', 0, 224),
(3118, 'Saint Patrick', 0, 224),
(3119, 'Kingstown', 1, 222),
(3120, 'Charlotte', 0, 222),
(3121, 'Grenadines', 0, 222),
(3122, 'St. Johs', 1, 223),
(3123, 'Barbuda', 0, 223),
(3124, 'Redonda', 0, 223),
(3125, 'Roseau', 1, 224),
(3126, 'Saint Luke', 0, 224),
(3127, 'Hamilton', 1, 225),
(3128, 'Devonshire', 0, 225),
(3129, 'Hamilton Municipality', 0, 225),
(3130, 'Paget', 0, 225),
(3131, 'Pembroke', 0, 225),
(3132, 'Saint George Municipality', 0, 225),
(3133, 'Saint Georges', 0, 235),
(3134, 'Sandys', 0, 225),
(3135, 'Smiths', 0, 225),
(3136, 'Warwick', 0, 225),
(3137, 'George Town', 1, 226),
(3138, 'Bodden Town', 0, 226),
(3139, 'East End', 0, 232),
(3140, 'North Side', 0, 232),
(3141, 'Sister Islands', 0, 226),
(3142, 'West Bay', 0, 226),
(3143, 'Nuuk', 1, 227),
(3144, 'Kujalleq', 0, 227),
(3145, 'Qaasuitsup', 0, 227),
(3146, 'Qeqqata', 0, 227),
(3147, 'Sermersooq', 0, 227),
(3148, 'Unorganized', 0, 167),
(3149, 'Basseterre', 1, 228),
(3150, 'Christ Church Nichola Town', 0, 228),
(3151, 'Saint Anne Sandy Point', 0, 228),
(3152, 'Saint George Basseterre', 0, 228),
(3153, 'Saint George Gingerland', 0, 228),
(3154, 'Saint James Windward', 0, 228),
(3155, 'Saint John Capisterre', 0, 228),
(3156, 'Saint John Figtree', 0, 228),
(3157, 'Saint Mary Cayon', 0, 228),
(3158, 'Saint Paul Capisterre', 0, 228),
(3159, 'Saint Paul Charlestown', 0, 228),
(3160, 'Saint Peter Basseterre', 0, 228),
(3161, 'Saint Thomas Lowland', 0, 228),
(3162, 'Saint Thomas Middle Island', 0, 228),
(3163, 'Trinity Palmetto Point', 0, 228),
(3164, 'Philipsburg', 1, 229),
(3165, 'Cockburn Town', 1, 230),
(3166, 'Turks and Caicos Islands', 0, 230),
(3167, 'Road Town', 1, 231),
(3168, 'British Virgin Islands', 0, 231),
(3169, 'The Valley', 1, 232),
(3170, 'Blowing Point', 0, 232),
(3171, 'Geroge Hill', 0, 232),
(3172, 'Island Harbour', 0, 232),
(3173, 'North Hill', 0, 232),
(3174, 'Sandy Ground', 0, 232),
(3175, 'Sandy Hill', 0, 232),
(3176, 'South Hill', 0, 232),
(3177, 'Stoney Ground', 0, 232),
(3178, 'The Farrington', 0, 232),
(3179, 'The Quarter', 0, 232),
(3180, 'West End', 0, 232),
(3181, 'Gustavia', 1, 233),
(3182, 'Saint Bathelemy', 0, 233),
(3183, 'Saint-Pierre', 1, 234),
(3184, 'Miquelon-Langlade', 0, 234),
(3185, 'Brades', 1, 235),
(3186, 'Saint Anthony', 0, 235),
(3187, 'Brasília', 1, 236),
(3188, 'Acre', 0, 236),
(3189, 'Alagoas', 0, 236),
(3190, 'Amapa', 0, 236),
(3191, 'Amazonas', 0, 240),
(3192, 'Bahia', 0, 236),
(3193, 'Ceara', 0, 236),
(3194, 'Espirito Santo', 0, 236),
(3195, 'Goias', 0, 236),
(3196, 'Maranhao', 0, 236),
(3197, 'Mato Grosso', 0, 236),
(3198, 'Mato Grosso do Sul', 0, 236),
(3199, 'Minas Gerais', 0, 236),
(3200, 'Para', 0, 247),
(3201, 'Parana', 0, 236),
(3202, 'Pernambuco', 0, 236),
(3203, 'Piaui', 0, 236),
(3204, 'Rio de Janeiro', 0, 236),
(3205, 'Rio Grande do Norte', 0, 236),
(3206, 'Rio Grande do Sul', 0, 236),
(3207, 'Rondonia', 0, 236),
(3208, 'Roraima', 0, 236),
(3209, 'Sao Paulo', 0, 236),
(3210, 'Sergipe', 0, 236),
(3211, 'Tocantins', 0, 236),
(3212, 'Bogota', 1, 237),
(3213, 'Antioquia', 0, 237),
(3214, 'Arauca', 0, 237),
(3215, 'Atlantico', 0, 237),
(3216, 'Bolivar', 0, 242),
(3217, 'Boyaca', 0, 237),
(3218, 'Caldas', 0, 237),
(3219, 'Caqueta', 0, 237),
(3220, 'Casanare', 0, 237),
(3221, 'Cauca', 0, 237),
(3222, 'Cesar', 0, 237),
(3223, 'Choco', 0, 237),
(3224, 'Cordoba', 0, 237),
(3225, 'Cundinamarca', 0, 237),
(3226, 'Distrito Capital', 0, 237),
(3227, 'Guainia', 0, 237),
(3228, 'La Guajira', 0, 237),
(3229, 'Magdalena', 0, 237),
(3230, 'Meta', 0, 237),
(3231, 'Narino', 0, 237),
(3232, 'Norte de Santander', 0, 237),
(3233, 'Putumayo', 0, 237),
(3234, 'Quindio', 0, 237),
(3235, 'Risaralda', 0, 237),
(3236, 'Santander', 0, 237),
(3237, 'Sucre', 1, 243),
(3238, 'Tolima', 0, 237),
(3239, 'Valle del Cauca', 0, 237),
(3240, 'Vaupes', 0, 237),
(3241, 'Vichada', 0, 237),
(3242, 'Buenos Aires', 1, 238),
(3243, 'Catamarca', 0, 238),
(3244, 'Chaco', 0, 238),
(3245, 'Chubut', 0, 238),
(3246, 'Ciudad de Buenos Aires', 0, 238),
(3247, 'Cordoba', 0, 238),
(3248, 'Corrientes', 0, 238),
(3249, 'Entre Ríos', 0, 238),
(3250, 'Formosa', 0, 238),
(3251, 'Jujuy', 0, 238),
(3252, 'La Pampa', 0, 238),
(3253, 'Mendoza', 0, 238),
(3254, 'Misiones', 0, 244),
(3255, 'Neuquen', 0, 238),
(3256, 'Río Negro', 0, 238),
(3257, 'Salta', 0, 238),
(3258, 'San Luis', 0, 238),
(3259, 'Santa Fe', 0, 238),
(3260, 'Santiago del Estero', 0, 238),
(3261, 'Tierra del Fuego', 0, 238),
(3262, 'Tucuman', 0, 238),
(3263, 'Lima', 1, 239),
(3264, 'Ancash', 0, 239),
(3265, 'Apurimac', 0, 239),
(3266, 'Arequipa', 0, 239),
(3267, 'Ayacucho', 0, 239),
(3268, 'Cajamarca', 0, 239),
(3269, 'Cusco', 0, 239),
(3270, 'Huancavelica', 0, 239),
(3271, 'Huanuco', 0, 239),
(3272, 'Ica', 0, 239),
(3273, 'Junin', 0, 239),
(3274, 'Lambayeque', 0, 239),
(3275, 'Lima', 0, 239),
(3276, 'Loreto', 0, 239),
(3277, 'Madre de Dios', 0, 239),
(3278, 'Moquegua', 0, 239),
(3279, 'Pasco', 0, 239),
(3280, 'Piura', 0, 239),
(3281, 'Puno', 0, 239),
(3282, 'San Martin', 0, 239),
(3283, 'Tacna', 0, 239),
(3284, 'Tumbes', 0, 239),
(3285, 'Ucayali', 0, 239),
(3286, 'Caracas', 1, 240),
(3287, 'Anzoategui', 0, 240),
(3288, 'Apure', 0, 240),
(3289, 'Aragua', 0, 240),
(3290, 'Barinas', 0, 240),
(3291, 'Carabobo', 0, 240),
(3292, 'Delta Amacuro', 0, 240),
(3293, 'Falcon', 0, 240),
(3294, 'Guarico', 0, 240),
(3295, 'Lara', 0, 240),
(3296, 'Merida', 0, 240),
(3297, 'Miranda', 0, 240),
(3298, 'Monagas', 0, 240),
(3299, 'Nueva Esparta', 0, 240),
(3300, 'Portuguesa', 0, 240),
(3301, 'Tachira', 0, 240),
(3302, 'Trujillo', 0, 240),
(3303, 'Vargas', 0, 240),
(3304, 'Yaracuy', 0, 240),
(3305, 'Zulia', 0, 240),
(3306, 'Aisen del General Carlos Ibanez del', 0, 241),
(3307, 'Antofagasta', 0, 241),
(3308, 'Araucania', 0, 241),
(3309, 'Arica and Parinacota', 0, 241),
(3310, 'Atacama', 0, 241),
(3311, 'Bio-Bio', 0, 241),
(3312, 'Coquimbo', 0, 241),
(3313, 'Libertador G.B. OHiggins', 0, 241),
(3314, 'Los Lagos', 0, 241),
(3315, 'Los Rios', 0, 242),
(3316, 'Magallanes y de la Antartica Chilen', 0, 241),
(3317, 'Maule', 0, 241),
(3318, 'Tarapaca', 0, 241),
(3319, 'Valparaiso', 0, 241),
(3320, 'Quito', 1, 242),
(3321, 'Azuay', 0, 242),
(3322, 'Canar', 0, 242),
(3323, 'Carchi', 0, 242),
(3324, 'Chimborazo', 0, 242),
(3325, 'Cotopaxi', 0, 242),
(3326, 'El Oro', 0, 242),
(3327, 'Esmeraldas', 0, 242),
(3328, 'Galapagos', 0, 242),
(3329, 'Guayas', 0, 242),
(3330, 'Imbabura', 0, 242),
(3331, 'Loja', 0, 242),
(3332, 'Manabi', 0, 242),
(3333, 'Morona-Santiago', 0, 242),
(3334, 'Napo', 0, 242),
(3335, 'Orellana', 0, 242),
(3336, 'Pastaza', 0, 242),
(3337, 'Pichincha', 0, 242),
(3338, 'Santa Elena', 0, 242),
(3339, 'Santo Domingo de las Tsachila', 0, 242),
(3340, 'Sucumbios', 0, 242),
(3341, 'Tungurahua', 0, 242),
(3342, 'Zamora-Chinchipe', 0, 242),
(3343, 'Beni', 0, 243),
(3344, 'Chuquisaca', 0, 243),
(3345, 'Cochabamba', 0, 243),
(3346, 'Oruro', 0, 243),
(3347, 'Pando', 0, 243),
(3348, 'Potosi', 0, 243),
(3349, 'Tarija', 0, 243),
(3350, 'Asuncion', 1, 244),
(3351, 'Alto Paraguay', 0, 244),
(3352, 'Amambay', 0, 244),
(3353, 'Asuncion', 0, 244),
(3354, 'Boqueron', 0, 244),
(3355, 'Caaguazu', 0, 244),
(3356, 'Caazapa', 0, 244),
(3357, 'Canindeyu', 0, 244),
(3358, 'Concepcion', 0, 244),
(3359, 'Cordillera', 0, 244),
(3360, 'Guaira', 0, 244),
(3361, 'Itapua', 0, 244),
(3362, 'Neembucu', 0, 244),
(3363, 'Paraguari', 0, 244),
(3364, 'Presidente Hayes', 0, 244),
(3365, 'San Pedro', 0, 244),
(3366, 'Montevideo', 1, 245),
(3367, 'Artigas', 0, 245),
(3368, 'Canelones', 0, 245),
(3369, 'Cerro Largo', 0, 245),
(3370, 'Colonia', 0, 245),
(3371, 'Durazno', 0, 245),
(3372, 'Lavalleja', 0, 245),
(3373, 'Maldonado', 0, 245),
(3374, 'Paysandu', 0, 245),
(3375, 'Rio Negro', 0, 245),
(3376, 'Rivera', 0, 245),
(3377, 'Rocha', 0, 245),
(3378, 'Salto', 0, 245),
(3379, 'Soriano', 0, 245),
(3380, 'Tacuarembo', 0, 245),
(3381, 'Treinta y Tres', 0, 245),
(3382, 'Georgetown', 1, 246),
(3383, 'Barima-Waini', 0, 246),
(3384, 'Cuyuni-Mazaruni', 0, 246),
(3385, 'Demerara-Mahaica', 0, 246),
(3386, 'East Bergice-Corentyne', 0, 246),
(3387, 'Essequibo Islands-West Demerara', 0, 246),
(3388, 'Mahaica-Berbice', 0, 246),
(3389, 'Pomeroon-Supenaam', 0, 246),
(3390, 'Potaro-Siparuni', 0, 246),
(3391, 'Upper Demerara-Berbice', 0, 246),
(3392, 'Upper Takutu-Upper Essequibo', 0, 246),
(3393, 'Paramaribo', 1, 247),
(3394, 'Brokopondo', 0, 247),
(3395, 'Commewijne', 0, 247),
(3396, 'Coronie', 0, 247),
(3397, 'Marowijne', 0, 247),
(3398, 'Nickeie', 0, 247),
(3399, 'Saramacca', 0, 247),
(3400, 'Sipaliwini', 0, 247),
(3401, 'Wanica', 0, 247),
(3402, 'Cayenne', 1, 248),
(3403, 'Saint-Laurent-du-Maroni', 0, 248),
(3404, 'Stanley', 1, 249),
(3405, 'Falkland Islands', 0, 249),
(3406, 'Pago Pago', 1, 167),
(3407, 'Manua', 0, 167),
(3408, 'Canberra', 1, 168),
(3409, 'Australian Capital Territory', 0, 168),
(3410, 'New South Wales', 0, 168),
(3411, 'Northern Territory', 0, 168),
(3412, 'Queensland', 0, 168),
(3413, 'South Australia', 0, 168),
(3414, 'Tasmania', 0, 168),
(3415, 'Western Australia', 0, 168),
(3416, 'Flying Fish Cove', 1, 169),
(3417, 'Christmas Island', 0, 169),
(3418, 'Avarua', 1, 170),
(3419, 'Cook Islands', 0, 170),
(3420, 'Suva', 1, 171),
(3421, 'Rotuma', 0, 171),
(3422, 'Hagatna', 1, 172),
(3423, 'Agana Heights', 0, 172),
(3424, 'Agat', 0, 172),
(3425, 'Asan', 0, 172),
(3426, 'Barrigada', 0, 172),
(3427, 'Chalan-Pago-Ordot', 0, 172),
(3428, 'Dededo', 0, 172),
(3429, 'Hagatna', 0, 172),
(3430, 'Inarajan', 0, 172),
(3431, 'Mangilao', 0, 172),
(3432, 'Merizo', 0, 172),
(3433, 'Mongmong-Toto-Maite', 0, 172),
(3434, 'Piti', 0, 172),
(3435, 'Santa Rita', 0, 172),
(3436, 'Sinajana', 0, 172),
(3437, 'Talofofo', 0, 172),
(3438, 'Tamuning', 0, 172),
(3439, 'Umatac', 0, 172),
(3440, 'Yigo', 0, 172),
(3441, 'Yona', 0, 172),
(3442, 'South Tarawa', 1, 173),
(3443, 'Gilbert Islands', 0, 173),
(3444, 'Line Islands', 0, 173),
(3445, 'Phoenix Islands', 0, 173),
(3446, 'Majuro', 1, 174),
(3447, 'Marshall Islands', 0, 174),
(3448, 'Palikir', 1, 175),
(3449, 'Chuuk', 0, 175),
(3450, 'Kosrae', 0, 175),
(3451, 'Pohnpei', 0, 175),
(3452, 'Yap', 0, 175),
(3453, 'Yaren District', 1, 176),
(3454, 'Aiwo', 0, 176),
(3455, 'Anabar', 0, 176),
(3456, 'Anetan', 0, 176),
(3457, 'Anibare', 0, 176),
(3458, 'Baiti', 0, 176),
(3459, 'Boe', 0, 176),
(3460, 'Buada', 0, 176),
(3461, 'Denigomodu', 0, 176),
(3462, 'Ewa', 0, 176),
(3463, 'Ijuw', 0, 176),
(3464, 'Meneng', 0, 176),
(3465, 'Nibok', 0, 176),
(3466, 'Uaboe', 0, 176),
(3467, 'Yaren', 0, 176),
(3468, 'Noumea', 1, 177),
(3469, 'Iles Loyaute', 0, 177),
(3470, 'Sub', 0, 177),
(3471, 'Wellington', 1, 178),
(3472, 'Auckland', 0, 178),
(3473, 'Bay of Plenty', 0, 178),
(3474, 'Canterbury', 0, 178),
(3475, 'Chatham Islands', 0, 178),
(3476, 'Gisborne', 0, 178),
(3477, 'Hawkes Bay', 0, 178),
(3478, 'Manawatu-Wanganui', 0, 178),
(3479, 'Nelson', 0, 178),
(3480, 'Northland', 0, 178),
(3481, 'Otago', 0, 178),
(3482, 'Southland', 0, 178),
(3483, 'Taranaki', 0, 178),
(3484, 'Tasman', 0, 178),
(3485, 'Waikato', 0, 178),
(3486, 'Wellington', 0, 178),
(3487, 'Alofi, Niue', 1, 179),
(3488, 'Norfolk Island', 0, 180),
(3489, 'Saipan', 1, 181),
(3490, 'Northern Islands', 0, 181),
(3491, 'Rota', 0, 181),
(3492, 'Tinian', 0, 181),
(3493, 'Melekeok', 1, 182),
(3494, 'Aimeliik', 0, 182),
(3495, 'Airai', 0, 182),
(3496, 'Hatohobei', 0, 182),
(3497, 'Kayangel', 0, 182),
(3498, 'Koror', 0, 182),
(3499, 'Melekeok', 0, 182),
(3500, 'Ngaraard', 0, 182),
(3501, 'Ngarchelong', 0, 182),
(3502, 'Ngardmau', 0, 182),
(3503, 'Ngatpang', 0, 182),
(3504, 'Ngchesar', 0, 182),
(3505, 'Ngeremlengui', 0, 182),
(3506, 'Ngiwal', 0, 182),
(3507, 'Pelepiu', 0, 182),
(3508, 'Sonsorol', 0, 182),
(3509, 'Port Moresby', 1, 183),
(3510, 'Bougainville', 0, 183),
(3511, 'Chimbu', 0, 183),
(3512, 'East New Britain', 0, 183),
(3513, 'East Sepik', 0, 183),
(3514, 'Eastern Highlands', 0, 183),
(3515, 'Enga', 0, 183),
(3516, 'Gulf', 0, 183),
(3517, 'Madang', 0, 183),
(3518, 'Manus', 0, 183),
(3519, 'Milne Bay', 0, 183),
(3520, 'Morobe', 0, 183),
(3521, 'National Capital District', 0, 183),
(3522, 'New Ireland', 0, 183),
(3523, 'Sandaun', 0, 183),
(3524, 'Southern Highlands', 0, 183),
(3525, 'West New Britain', 0, 183),
(3526, 'Western Highlands', 0, 183),
(3527, 'Adamstown', 1, 184),
(3528, 'Pitcairn Islands', 0, 184),
(3529, 'Apia', 1, 185),
(3530, 'Aana', 0, 185),
(3531, 'Aiga-i-le-Tai', 0, 185),
(3532, 'Atua', 0, 185),
(3533, 'Faasaleleaga', 0, 185),
(3534, 'Gaga emauga', 0, 185),
(3535, 'Gagaifomauga', 0, 185),
(3536, 'Palauli', 0, 185),
(3537, 'Satupa itea', 0, 185),
(3538, 'Tuamasaga', 0, 185),
(3539, 'Vaa-o-Fonoti', 0, 185),
(3540, 'Vaisigano', 0, 185),
(3541, 'Honiara', 1, 186),
(3542, 'Capital Territory', 0, 186),
(3543, 'Guadalcanal', 0, 186),
(3544, 'Isabel', 0, 186),
(3545, 'Makira', 0, 186),
(3546, 'Malaita', 0, 186),
(3547, 'Rennell and Bellona', 0, 186),
(3548, 'Temotu', 0, 186),
(3549, 'Nukunonu', 1, 187),
(3550, 'Atafu', 1, 187),
(3551, 'Tokelau', 1, 187),
(3552, 'Fakaofo', 0, 187),
(3553, 'Nukunonu', 0, 187),
(3554, 'Nuku?alofa', 1, 188),
(3555, 'Haapai', 0, 188),
(3556, 'Tongatapu', 0, 188),
(3557, 'Vavau', 0, 188),
(3558, 'Funafuti', 1, 189),
(3559, 'Nanumanga', 0, 189),
(3560, 'Nanumea', 0, 189),
(3561, 'Niutao', 0, 189),
(3562, 'Nui', 0, 189),
(3563, 'Nukufetau', 0, 189),
(3564, 'Nukulaelae', 0, 189),
(3565, 'Vaitupu', 0, 189),
(3566, 'Port Vila', 1, 190),
(3567, 'Malampa', 0, 190),
(3568, 'Penama', 0, 190),
(3569, 'Sanma', 0, 190),
(3570, 'Shefa', 0, 190),
(3571, 'Tafea', 0, 190),
(3572, 'Torba', 0, 190),
(3573, 'Mata-Utu', 1, 191),
(3574, 'Alo', 0, 191),
(3575, 'Sigave', 0, 191),
(3576, 'Uvea', 0, 191),
(3577, 'Papeete', 1, 192),
(3578, 'Clipperton Island', 0, 192),
(3579, 'Leeward Islands', 0, 192),
(3580, 'Marquesas Islands', 0, 192),
(3581, 'Tuamotu and Gambier Islands', 0, 192),
(3582, 'Tubuai Islands', 0, 192),
(3583, 'Windward Islands', 0, 192),
(3584, 'Bouvet Island', 1, 193),
(3585, 'Port-aux-Francais', 1, 194),
(3586, 'Adelie Land', 0, 194),
(3587, 'Amsterdam & Saint Paul', 0, 194),
(3588, 'Crozet Archipelago', 0, 194),
(3589, 'Iles Eparses', 0, 194),
(3590, 'Kerguelen', 0, 194),
(3591, 'Heard and Mcdonald Islands', 1, 195),
(3592, 'King Edward Point', 1, 196),
(3593, 'South Georgia and South Sandwich Is', 1, 196);

--
-- Indexes for dumped tables
--

--
-- Indexes for table `continent`
--
ALTER TABLE `continent`
  ADD PRIMARY KEY (`ContinentID`);

--
-- Indexes for table `country`
--
ALTER TABLE `country`
  ADD PRIMARY KEY (`CountryID`);

--
-- Indexes for table `state`
--
ALTER TABLE `state`
  ADD PRIMARY KEY (`StateID`);

/*!40101 SET CHARACTER_SET_CLIENT=@OLD_CHARACTER_SET_CLIENT */;
/*!40101 SET CHARACTER_SET_RESULTS=@OLD_CHARACTER_SET_RESULTS */;
/*!40101 SET COLLATION_CONNECTION=@OLD_COLLATION_CONNECTION */;
