<?xml version="1.0" encoding="UTF-8"?>
<project-private xmlns="http://www.netbeans.org/ns/project-private/1">
    <editor-bookmarks xmlns="http://www.netbeans.org/ns/editor-bookmarks/1"/>
    <editor-bookmarks xmlns="http://www.netbeans.org/ns/editor-bookmarks/2" lastBookmarkId="0"/>
    <open-files xmlns="http://www.netbeans.org/ns/projectui-open-files/2">
        <group>
            <file>file:/C:/wamp/www/worldplugin/constant.inc</file>
            <file>file:/C:/wamp/www/worldplugin/script.js</file>
            <file>file:/C:/wamp/www/worldplugin/newEmptyPHP.php</file>
            <file>file:/C:/wamp/www/worldplugin/constant1.inc</file>
            <file>file:/C:/wamp/www/worldplugin/Utility.php</file>
            <file>file:/C:/wamp/www/worldplugin/Processor.php</file>
            <file>file:/C:/wamp/www/worldplugin/index.php</file>
        </group>
    </open-files>
</project-private>
